NACE Rev.2 (economic activities), Sex, Macroregions  development regions and counties, Years, MU: Thousands persons, Valoare
TOTAL, Total, Bihor, Year 2013, Thousands persons, 266.4
TOTAL, Total, Bihor, Year 2014, Thousands persons, 264.8
TOTAL, Total, Bihor, Year 2015, Thousands persons, 262.8
TOTAL, Total, Bihor, Year 2016, Thousands persons, 259.6
TOTAL, Total, Bihor, Year 2017, Thousands persons, 260.4
TOTAL, Total, Bihor, Year 2018, Thousands persons, 261.5
TOTAL, Total, Bihor, Year 2019, Thousands persons, 260.5
TOTAL, Total, Bihor, Year 2020, Thousands persons, 259
TOTAL, Total, Bihor, Year 2021, Thousands persons, 230.5
TOTAL, Total, Bihor, Year 2022, Thousands persons, 235.1
TOTAL, Total, Bihor, Year 2023, Thousands persons, 233.2
TOTAL, Total, Bihor, Year 2024, Thousands persons, 231.8
TOTAL, Total, Bistrita-Nasaud, Year 2013, Thousands persons, 130.2
TOTAL, Total, Bistrita-Nasaud, Year 2014, Thousands persons, 128.8
TOTAL, Total, Bistrita-Nasaud, Year 2015, Thousands persons, 129.1
TOTAL, Total, Bistrita-Nasaud, Year 2016, Thousands persons, 127.2
TOTAL, Total, Bistrita-Nasaud, Year 2017, Thousands persons, 127.3
TOTAL, Total, Bistrita-Nasaud, Year 2018, Thousands persons, 125
TOTAL, Total, Bistrita-Nasaud, Year 2019, Thousands persons, 125.2
TOTAL, Total, Bistrita-Nasaud, Year 2020, Thousands persons, 125.1
TOTAL, Total, Bistrita-Nasaud, Year 2021, Thousands persons, 108.5
TOTAL, Total, Bistrita-Nasaud, Year 2022, Thousands persons, 112.1
TOTAL, Total, Bistrita-Nasaud, Year 2023, Thousands persons, 109.3
TOTAL, Total, Bistrita-Nasaud, Year 2024, Thousands persons, 107.4
TOTAL, Total, Cluj, Year 2013, Thousands persons, 337.8
TOTAL, Total, Cluj, Year 2014, Thousands persons, 343.7
TOTAL, Total, Cluj, Year 2015, Thousands persons, 345.2
TOTAL, Total, Cluj, Year 2016, Thousands persons, 352.6
TOTAL, Total, Cluj, Year 2017, Thousands persons, 358.4
TOTAL, Total, Cluj, Year 2018, Thousands persons, 361.3
TOTAL, Total, Cluj, Year 2019, Thousands persons, 369
TOTAL, Total, Cluj, Year 2020, Thousands persons, 368.8
TOTAL, Total, Cluj, Year 2021, Thousands persons, 346.1
TOTAL, Total, Cluj, Year 2022, Thousands persons, 357
TOTAL, Total, Cluj, Year 2023, Thousands persons, 355.1
TOTAL, Total, Cluj, Year 2024, Thousands persons, 351.7
TOTAL, Total, Maramures, Year 2013, Thousands persons, 201.1
TOTAL, Total, Maramures, Year 2014, Thousands persons, 199.4
TOTAL, Total, Maramures, Year 2015, Thousands persons, 195.7
TOTAL, Total, Maramures, Year 2016, Thousands persons, 190
TOTAL, Total, Maramures, Year 2017, Thousands persons, 192.7
TOTAL, Total, Maramures, Year 2018, Thousands persons, 194.3
TOTAL, Total, Maramures, Year 2019, Thousands persons, 196.6
TOTAL, Total, Maramures, Year 2020, Thousands persons, 195.2
TOTAL, Total, Maramures, Year 2021, Thousands persons, 172
TOTAL, Total, Maramures, Year 2022, Thousands persons, 175.3
TOTAL, Total, Maramures, Year 2023, Thousands persons, 172
TOTAL, Total, Maramures, Year 2024, Thousands persons, 170.4
TOTAL, Total, Satu Mare, Year 2013, Thousands persons, 151.2
TOTAL, Total, Satu Mare, Year 2014, Thousands persons, 149.4
TOTAL, Total, Satu Mare, Year 2015, Thousands persons, 145.3
TOTAL, Total, Satu Mare, Year 2016, Thousands persons, 140.9
TOTAL, Total, Satu Mare, Year 2017, Thousands persons, 143
TOTAL, Total, Satu Mare, Year 2018, Thousands persons, 142.6
TOTAL, Total, Satu Mare, Year 2019, Thousands persons, 142.7
TOTAL, Total, Satu Mare, Year 2020, Thousands persons, 140.6
TOTAL, Total, Satu Mare, Year 2021, Thousands persons, 123.2
TOTAL, Total, Satu Mare, Year 2022, Thousands persons, 125.9
TOTAL, Total, Satu Mare, Year 2023, Thousands persons, 123.2
TOTAL, Total, Satu Mare, Year 2024, Thousands persons, 121.9
TOTAL, Total, Salaj, Year 2013, Thousands persons, 101.3
TOTAL, Total, Salaj, Year 2014, Thousands persons, 100.3
TOTAL, Total, Salaj, Year 2015, Thousands persons, 97.9
TOTAL, Total, Salaj, Year 2016, Thousands persons, 97.7
TOTAL, Total, Salaj, Year 2017, Thousands persons, 98
TOTAL, Total, Salaj, Year 2018, Thousands persons, 97.9
TOTAL, Total, Salaj, Year 2019, Thousands persons, 99.1
TOTAL, Total, Salaj, Year 2020, Thousands persons, 98.7
TOTAL, Total, Salaj, Year 2021, Thousands persons, 85.3
TOTAL, Total, Salaj, Year 2022, Thousands persons, 88.1
TOTAL, Total, Salaj, Year 2023, Thousands persons, 85.5
TOTAL, Total, Salaj, Year 2024, Thousands persons, 83.7
TOTAL, Total, Alba, Year 2013, Thousands persons, 163.3
TOTAL, Total, Alba, Year 2014, Thousands persons, 159.6
TOTAL, Total, Alba, Year 2015, Thousands persons, 159.2
TOTAL, Total, Alba, Year 2016, Thousands persons, 159.9
TOTAL, Total, Alba, Year 2017, Thousands persons, 162.1
TOTAL, Total, Alba, Year 2018, Thousands persons, 162.5
TOTAL, Total, Alba, Year 2019, Thousands persons, 163.3
TOTAL, Total, Alba, Year 2020, Thousands persons, 162.8
TOTAL, Total, Alba, Year 2021, Thousands persons, 145.7
TOTAL, Total, Alba, Year 2022, Thousands persons, 151.9
TOTAL, Total, Alba, Year 2023, Thousands persons, 148
TOTAL, Total, Alba, Year 2024, Thousands persons, 146.9
TOTAL, Total, Brasov, Year 2013, Thousands persons, 241.7
TOTAL, Total, Brasov, Year 2014, Thousands persons, 240.5
TOTAL, Total, Brasov, Year 2015, Thousands persons, 243.6
TOTAL, Total, Brasov, Year 2016, Thousands persons, 253.2
TOTAL, Total, Brasov, Year 2017, Thousands persons, 254.1
TOTAL, Total, Brasov, Year 2018, Thousands persons, 257.1
TOTAL, Total, Brasov, Year 2019, Thousands persons, 257.5
TOTAL, Total, Brasov, Year 2020, Thousands persons, 254.8
TOTAL, Total, Brasov, Year 2021, Thousands persons, 246.6
TOTAL, Total, Brasov, Year 2022, Thousands persons, 253.8
TOTAL, Total, Brasov, Year 2023, Thousands persons, 251.9
TOTAL, Total, Brasov, Year 2024, Thousands persons, 250.7
TOTAL, Total, Covasna, Year 2013, Thousands persons, 83.2
TOTAL, Total, Covasna, Year 2014, Thousands persons, 83
TOTAL, Total, Covasna, Year 2015, Thousands persons, 83.2
TOTAL, Total, Covasna, Year 2016, Thousands persons, 81.8
TOTAL, Total, Covasna, Year 2017, Thousands persons, 82.4
TOTAL, Total, Covasna, Year 2018, Thousands persons, 82.3
TOTAL, Total, Covasna, Year 2019, Thousands persons, 82.9
TOTAL, Total, Covasna, Year 2020, Thousands persons, 80.9
TOTAL, Total, Covasna, Year 2021, Thousands persons, 74.5
TOTAL, Total, Covasna, Year 2022, Thousands persons, 77.1
TOTAL, Total, Covasna, Year 2023, Thousands persons, 75.1
TOTAL, Total, Covasna, Year 2024, Thousands persons, 74.2
TOTAL, Total, Harghita, Year 2013, Thousands persons, 134.2
TOTAL, Total, Harghita, Year 2014, Thousands persons, 130.5
TOTAL, Total, Harghita, Year 2015, Thousands persons, 128.5
TOTAL, Total, Harghita, Year 2016, Thousands persons, 127.6
TOTAL, Total, Harghita, Year 2017, Thousands persons, 128.4
TOTAL, Total, Harghita, Year 2018, Thousands persons, 129
TOTAL, Total, Harghita, Year 2019, Thousands persons, 129.9
TOTAL, Total, Harghita, Year 2020, Thousands persons, 129.8
TOTAL, Total, Harghita, Year 2021, Thousands persons, 113.9
TOTAL, Total, Harghita, Year 2022, Thousands persons, 117.8
TOTAL, Total, Harghita, Year 2023, Thousands persons, 115
TOTAL, Total, Harghita, Year 2024, Thousands persons, 114.1
TOTAL, Total, Mures, Year 2013, Thousands persons, 233.4
TOTAL, Total, Mures, Year 2014, Thousands persons, 230.2
TOTAL, Total, Mures, Year 2015, Thousands persons, 225.5
TOTAL, Total, Mures, Year 2016, Thousands persons, 222.8
TOTAL, Total, Mures, Year 2017, Thousands persons, 225.5
TOTAL, Total, Mures, Year 2018, Thousands persons, 228.2
TOTAL, Total, Mures, Year 2019, Thousands persons, 229.3
TOTAL, Total, Mures, Year 2020, Thousands persons, 229
TOTAL, Total, Mures, Year 2021, Thousands persons, 202.5
TOTAL, Total, Mures, Year 2022, Thousands persons, 206.6
TOTAL, Total, Mures, Year 2023, Thousands persons, 202.9
TOTAL, Total, Mures, Year 2024, Thousands persons, 201.2
TOTAL, Total, Sibiu, Year 2013, Thousands persons, 185
TOTAL, Total, Sibiu, Year 2014, Thousands persons, 182.6
TOTAL, Total, Sibiu, Year 2015, Thousands persons, 186.6
TOTAL, Total, Sibiu, Year 2016, Thousands persons, 190.9
TOTAL, Total, Sibiu, Year 2017, Thousands persons, 192.5
TOTAL, Total, Sibiu, Year 2018, Thousands persons, 192.7
TOTAL, Total, Sibiu, Year 2019, Thousands persons, 193
TOTAL, Total, Sibiu, Year 2020, Thousands persons, 191.1
TOTAL, Total, Sibiu, Year 2021, Thousands persons, 180.7
TOTAL, Total, Sibiu, Year 2022, Thousands persons, 187.1
TOTAL, Total, Sibiu, Year 2023, Thousands persons, 185.5
TOTAL, Total, Sibiu, Year 2024, Thousands persons, 185.8
TOTAL, Total, Bacau, Year 2013, Thousands persons, 208.3
TOTAL, Total, Bacau, Year 2014, Thousands persons, 204.2
TOTAL, Total, Bacau, Year 2015, Thousands persons, 201.2
TOTAL, Total, Bacau, Year 2016, Thousands persons, 196.8
TOTAL, Total, Bacau, Year 2017, Thousands persons, 197.7
TOTAL, Total, Bacau, Year 2018, Thousands persons, 199.4
TOTAL, Total, Bacau, Year 2019, Thousands persons, 202.2
TOTAL, Total, Bacau, Year 2020, Thousands persons, 203.5
TOTAL, Total, Bacau, Year 2021, Thousands persons, 178.6
TOTAL, Total, Bacau, Year 2022, Thousands persons, 184.5
TOTAL, Total, Bacau, Year 2023, Thousands persons, 183.2
TOTAL, Total, Bacau, Year 2024, Thousands persons, 185.4
TOTAL, Total, Botosani, Year 2013, Thousands persons, 148.6
TOTAL, Total, Botosani, Year 2014, Thousands persons, 145.1
TOTAL, Total, Botosani, Year 2015, Thousands persons, 139.4
TOTAL, Total, Botosani, Year 2016, Thousands persons, 131.6
TOTAL, Total, Botosani, Year 2017, Thousands persons, 131.7
TOTAL, Total, Botosani, Year 2018, Thousands persons, 132.2
TOTAL, Total, Botosani, Year 2019, Thousands persons, 133.7
TOTAL, Total, Botosani, Year 2020, Thousands persons, 132.7
TOTAL, Total, Botosani, Year 2021, Thousands persons, 104.9
TOTAL, Total, Botosani, Year 2022, Thousands persons, 108.2
TOTAL, Total, Botosani, Year 2023, Thousands persons, 106.6
TOTAL, Total, Botosani, Year 2024, Thousands persons, 105.1
TOTAL, Total, Iasi, Year 2013, Thousands persons, 285.8
TOTAL, Total, Iasi, Year 2014, Thousands persons, 280.3
TOTAL, Total, Iasi, Year 2015, Thousands persons, 277.4
TOTAL, Total, Iasi, Year 2016, Thousands persons, 276.1
TOTAL, Total, Iasi, Year 2017, Thousands persons, 282.7
TOTAL, Total, Iasi, Year 2018, Thousands persons, 287.3
TOTAL, Total, Iasi, Year 2019, Thousands persons, 289.3
TOTAL, Total, Iasi, Year 2020, Thousands persons, 288.7
TOTAL, Total, Iasi, Year 2021, Thousands persons, 260.1
TOTAL, Total, Iasi, Year 2022, Thousands persons, 267.4
TOTAL, Total, Iasi, Year 2023, Thousands persons, 268.5
TOTAL, Total, Iasi, Year 2024, Thousands persons, 269.4
TOTAL, Total, Neamt, Year 2013, Thousands persons, 188.3
TOTAL, Total, Neamt, Year 2014, Thousands persons, 185.4
TOTAL, Total, Neamt, Year 2015, Thousands persons, 178.7
TOTAL, Total, Neamt, Year 2016, Thousands persons, 171.2
TOTAL, Total, Neamt, Year 2017, Thousands persons, 171.5
TOTAL, Total, Neamt, Year 2018, Thousands persons, 173.1
TOTAL, Total, Neamt, Year 2019, Thousands persons, 174.6
TOTAL, Total, Neamt, Year 2020, Thousands persons, 172.3
TOTAL, Total, Neamt, Year 2021, Thousands persons, 143.9
TOTAL, Total, Neamt, Year 2022, Thousands persons, 148.8
TOTAL, Total, Neamt, Year 2023, Thousands persons, 144.8
TOTAL, Total, Neamt, Year 2024, Thousands persons, 144.6
TOTAL, Total, Suceava, Year 2013, Thousands persons, 233.6
TOTAL, Total, Suceava, Year 2014, Thousands persons, 230
TOTAL, Total, Suceava, Year 2015, Thousands persons, 222.4
TOTAL, Total, Suceava, Year 2016, Thousands persons, 217.4
TOTAL, Total, Suceava, Year 2017, Thousands persons, 217.1
TOTAL, Total, Suceava, Year 2018, Thousands persons, 219.7
TOTAL, Total, Suceava, Year 2019, Thousands persons, 220.6
TOTAL, Total, Suceava, Year 2020, Thousands persons, 218.1
TOTAL, Total, Suceava, Year 2021, Thousands persons, 181
TOTAL, Total, Suceava, Year 2022, Thousands persons, 185.5
TOTAL, Total, Suceava, Year 2023, Thousands persons, 184.8
TOTAL, Total, Suceava, Year 2024, Thousands persons, 183.9
TOTAL, Total, Vaslui, Year 2013, Thousands persons, 139.1
TOTAL, Total, Vaslui, Year 2014, Thousands persons, 135.2
TOTAL, Total, Vaslui, Year 2015, Thousands persons, 130.3
TOTAL, Total, Vaslui, Year 2016, Thousands persons, 123
TOTAL, Total, Vaslui, Year 2017, Thousands persons, 123.4
TOTAL, Total, Vaslui, Year 2018, Thousands persons, 123.1
TOTAL, Total, Vaslui, Year 2019, Thousands persons, 123.5
TOTAL, Total, Vaslui, Year 2020, Thousands persons, 121.4
TOTAL, Total, Vaslui, Year 2021, Thousands persons, 96.8
TOTAL, Total, Vaslui, Year 2022, Thousands persons, 99.4
TOTAL, Total, Vaslui, Year 2023, Thousands persons, 98.7
TOTAL, Total, Vaslui, Year 2024, Thousands persons, 98.7
TOTAL, Total, Braila, Year 2013, Thousands persons, 122.3
TOTAL, Total, Braila, Year 2014, Thousands persons, 119.7
TOTAL, Total, Braila, Year 2015, Thousands persons, 117.6
TOTAL, Total, Braila, Year 2016, Thousands persons, 115.8
TOTAL, Total, Braila, Year 2017, Thousands persons, 119.3
TOTAL, Total, Braila, Year 2018, Thousands persons, 118.1
TOTAL, Total, Braila, Year 2019, Thousands persons, 117.9
TOTAL, Total, Braila, Year 2020, Thousands persons, 116.6
TOTAL, Total, Braila, Year 2021, Thousands persons, 104
TOTAL, Total, Braila, Year 2022, Thousands persons, 106.6
TOTAL, Total, Braila, Year 2023, Thousands persons, 104.3
TOTAL, Total, Braila, Year 2024, Thousands persons, 101
TOTAL, Total, Buzau, Year 2013, Thousands persons, 175.4
TOTAL, Total, Buzau, Year 2014, Thousands persons, 171.8
TOTAL, Total, Buzau, Year 2015, Thousands persons, 166.3
TOTAL, Total, Buzau, Year 2016, Thousands persons, 157.6
TOTAL, Total, Buzau, Year 2017, Thousands persons, 158.1
TOTAL, Total, Buzau, Year 2018, Thousands persons, 159.2
TOTAL, Total, Buzau, Year 2019, Thousands persons, 160.4
TOTAL, Total, Buzau, Year 2020, Thousands persons, 157.7
TOTAL, Total, Buzau, Year 2021, Thousands persons, 133.8
TOTAL, Total, Buzau, Year 2022, Thousands persons, 137.7
TOTAL, Total, Buzau, Year 2023, Thousands persons, 135.3
TOTAL, Total, Buzau, Year 2024, Thousands persons, 133.5
TOTAL, Total, Constanta, Year 2013, Thousands persons, 295.1
TOTAL, Total, Constanta, Year 2014, Thousands persons, 291.6
TOTAL, Total, Constanta, Year 2015, Thousands persons, 289.2
TOTAL, Total, Constanta, Year 2016, Thousands persons, 286.2
TOTAL, Total, Constanta, Year 2017, Thousands persons, 284.3
TOTAL, Total, Constanta, Year 2018, Thousands persons, 284.4
TOTAL, Total, Constanta, Year 2019, Thousands persons, 287.2
TOTAL, Total, Constanta, Year 2020, Thousands persons, 286.8
TOTAL, Total, Constanta, Year 2021, Thousands persons, 266.2
TOTAL, Total, Constanta, Year 2022, Thousands persons, 273.6
TOTAL, Total, Constanta, Year 2023, Thousands persons, 270.2
TOTAL, Total, Constanta, Year 2024, Thousands persons, 267.3
TOTAL, Total, Galati, Year 2013, Thousands persons, 186.3
TOTAL, Total, Galati, Year 2014, Thousands persons, 183.4
TOTAL, Total, Galati, Year 2015, Thousands persons, 180.6
TOTAL, Total, Galati, Year 2016, Thousands persons, 175.1
TOTAL, Total, Galati, Year 2017, Thousands persons, 177
TOTAL, Total, Galati, Year 2018, Thousands persons, 178.2
TOTAL, Total, Galati, Year 2019, Thousands persons, 179.4
TOTAL, Total, Galati, Year 2020, Thousands persons, 175.8
TOTAL, Total, Galati, Year 2021, Thousands persons, 155.2
TOTAL, Total, Galati, Year 2022, Thousands persons, 158.1
TOTAL, Total, Galati, Year 2023, Thousands persons, 157.1
TOTAL, Total, Galati, Year 2024, Thousands persons, 156.4
TOTAL, Total, Tulcea, Year 2013, Thousands persons, 82.9
TOTAL, Total, Tulcea, Year 2014, Thousands persons, 82.5
TOTAL, Total, Tulcea, Year 2015, Thousands persons, 80.9
TOTAL, Total, Tulcea, Year 2016, Thousands persons, 79.6
TOTAL, Total, Tulcea, Year 2017, Thousands persons, 80.5
TOTAL, Total, Tulcea, Year 2018, Thousands persons, 79.1
TOTAL, Total, Tulcea, Year 2019, Thousands persons, 79.9
TOTAL, Total, Tulcea, Year 2020, Thousands persons, 80.2
TOTAL, Total, Tulcea, Year 2021, Thousands persons, 70.2
TOTAL, Total, Tulcea, Year 2022, Thousands persons, 70.7
TOTAL, Total, Tulcea, Year 2023, Thousands persons, 70
TOTAL, Total, Tulcea, Year 2024, Thousands persons, 70.8
TOTAL, Total, Vrancea, Year 2013, Thousands persons, 141.9
TOTAL, Total, Vrancea, Year 2014, Thousands persons, 137.8
TOTAL, Total, Vrancea, Year 2015, Thousands persons, 134.4
TOTAL, Total, Vrancea, Year 2016, Thousands persons, 130.9
TOTAL, Total, Vrancea, Year 2017, Thousands persons, 130.4
TOTAL, Total, Vrancea, Year 2018, Thousands persons, 130.4
TOTAL, Total, Vrancea, Year 2019, Thousands persons, 131.4
TOTAL, Total, Vrancea, Year 2020, Thousands persons, 130.7
TOTAL, Total, Vrancea, Year 2021, Thousands persons, 108
TOTAL, Total, Vrancea, Year 2022, Thousands persons, 110.9
TOTAL, Total, Vrancea, Year 2023, Thousands persons, 109.2
TOTAL, Total, Vrancea, Year 2024, Thousands persons, 107
TOTAL, Total, Arges, Year 2013, Thousands persons, 246.8
TOTAL, Total, Arges, Year 2014, Thousands persons, 243.8
TOTAL, Total, Arges, Year 2015, Thousands persons, 243.5
TOTAL, Total, Arges, Year 2016, Thousands persons, 244.6
TOTAL, Total, Arges, Year 2017, Thousands persons, 249.7
TOTAL, Total, Arges, Year 2018, Thousands persons, 251.2
TOTAL, Total, Arges, Year 2019, Thousands persons, 251.1
TOTAL, Total, Arges, Year 2020, Thousands persons, 246
TOTAL, Total, Arges, Year 2021, Thousands persons, 218.6
TOTAL, Total, Arges, Year 2022, Thousands persons, 225.4
TOTAL, Total, Arges, Year 2023, Thousands persons, 223.5
TOTAL, Total, Arges, Year 2024, Thousands persons, 220.5
TOTAL, Total, Calarasi, Year 2013, Thousands persons, 98.8
TOTAL, Total, Calarasi, Year 2014, Thousands persons, 95.8
TOTAL, Total, Calarasi, Year 2015, Thousands persons, 91.8
TOTAL, Total, Calarasi, Year 2016, Thousands persons, 86.8
TOTAL, Total, Calarasi, Year 2017, Thousands persons, 86.5
TOTAL, Total, Calarasi, Year 2018, Thousands persons, 87
TOTAL, Total, Calarasi, Year 2019, Thousands persons, 88.1
TOTAL, Total, Calarasi, Year 2020, Thousands persons, 86.4
TOTAL, Total, Calarasi, Year 2021, Thousands persons, 70.5
TOTAL, Total, Calarasi, Year 2022, Thousands persons, 72.7
TOTAL, Total, Calarasi, Year 2023, Thousands persons, 72.4
TOTAL, Total, Calarasi, Year 2024, Thousands persons, 73.4
TOTAL, Total, Dambovita, Year 2013, Thousands persons, 193.5
TOTAL, Total, Dambovita, Year 2014, Thousands persons, 188.4
TOTAL, Total, Dambovita, Year 2015, Thousands persons, 184.6
TOTAL, Total, Dambovita, Year 2016, Thousands persons, 180.3
TOTAL, Total, Dambovita, Year 2017, Thousands persons, 181.3
TOTAL, Total, Dambovita, Year 2018, Thousands persons, 184.1
TOTAL, Total, Dambovita, Year 2019, Thousands persons, 185.9
TOTAL, Total, Dambovita, Year 2020, Thousands persons, 187.3
TOTAL, Total, Dambovita, Year 2021, Thousands persons, 159.8
TOTAL, Total, Dambovita, Year 2022, Thousands persons, 165.4
TOTAL, Total, Dambovita, Year 2023, Thousands persons, 158.3
TOTAL, Total, Dambovita, Year 2024, Thousands persons, 151
TOTAL, Total, Giurgiu, Year 2013, Thousands persons, 87.9
TOTAL, Total, Giurgiu, Year 2014, Thousands persons, 86.6
TOTAL, Total, Giurgiu, Year 2015, Thousands persons, 82
TOTAL, Total, Giurgiu, Year 2016, Thousands persons, 78.2
TOTAL, Total, Giurgiu, Year 2017, Thousands persons, 79.3
TOTAL, Total, Giurgiu, Year 2018, Thousands persons, 79.4
TOTAL, Total, Giurgiu, Year 2019, Thousands persons, 78.8
TOTAL, Total, Giurgiu, Year 2020, Thousands persons, 78.7
TOTAL, Total, Giurgiu, Year 2021, Thousands persons, 62.5
TOTAL, Total, Giurgiu, Year 2022, Thousands persons, 64.4
TOTAL, Total, Giurgiu, Year 2023, Thousands persons, 65.4
TOTAL, Total, Giurgiu, Year 2024, Thousands persons, 66.5
TOTAL, Total, Ialomita, Year 2013, Thousands persons, 97.7
TOTAL, Total, Ialomita, Year 2014, Thousands persons, 95.8
TOTAL, Total, Ialomita, Year 2015, Thousands persons, 90.8
TOTAL, Total, Ialomita, Year 2016, Thousands persons, 88.7
TOTAL, Total, Ialomita, Year 2017, Thousands persons, 88.1
TOTAL, Total, Ialomita, Year 2018, Thousands persons, 88.2
TOTAL, Total, Ialomita, Year 2019, Thousands persons, 89.6
TOTAL, Total, Ialomita, Year 2020, Thousands persons, 88.6
TOTAL, Total, Ialomita, Year 2021, Thousands persons, 73.9
TOTAL, Total, Ialomita, Year 2022, Thousands persons, 75.5
TOTAL, Total, Ialomita, Year 2023, Thousands persons, 74.5
TOTAL, Total, Ialomita, Year 2024, Thousands persons, 73.7
TOTAL, Total, Prahova, Year 2013, Thousands persons, 289.8
TOTAL, Total, Prahova, Year 2014, Thousands persons, 286
TOTAL, Total, Prahova, Year 2015, Thousands persons, 284.4
TOTAL, Total, Prahova, Year 2016, Thousands persons, 284.6
TOTAL, Total, Prahova, Year 2017, Thousands persons, 284.5
TOTAL, Total, Prahova, Year 2018, Thousands persons, 285.3
TOTAL, Total, Prahova, Year 2019, Thousands persons, 283.9
TOTAL, Total, Prahova, Year 2020, Thousands persons, 282.8
TOTAL, Total, Prahova, Year 2021, Thousands persons, 259.9
TOTAL, Total, Prahova, Year 2022, Thousands persons, 267.3
TOTAL, Total, Prahova, Year 2023, Thousands persons, 260.3
TOTAL, Total, Prahova, Year 2024, Thousands persons, 258.3
TOTAL, Total, Teleorman, Year 2013, Thousands persons, 154.3
TOTAL, Total, Teleorman, Year 2014, Thousands persons, 150.1
TOTAL, Total, Teleorman, Year 2015, Thousands persons, 140.6
TOTAL, Total, Teleorman, Year 2016, Thousands persons, 132.7
TOTAL, Total, Teleorman, Year 2017, Thousands persons, 132.4
TOTAL, Total, Teleorman, Year 2018, Thousands persons, 132.4
TOTAL, Total, Teleorman, Year 2019, Thousands persons, 131.6
TOTAL, Total, Teleorman, Year 2020, Thousands persons, 130.3
TOTAL, Total, Teleorman, Year 2021, Thousands persons, 99.8
TOTAL, Total, Teleorman, Year 2022, Thousands persons, 101.4
TOTAL, Total, Teleorman, Year 2023, Thousands persons, 99.2
TOTAL, Total, Teleorman, Year 2024, Thousands persons, 97.8
TOTAL, Total, Ilfov, Year 2013, Thousands persons, 165.9
TOTAL, Total, Ilfov, Year 2014, Thousands persons, 170.7
TOTAL, Total, Ilfov, Year 2015, Thousands persons, 175.1
TOTAL, Total, Ilfov, Year 2016, Thousands persons, 185.8
TOTAL, Total, Ilfov, Year 2017, Thousands persons, 191.1
TOTAL, Total, Ilfov, Year 2018, Thousands persons, 200
TOTAL, Total, Ilfov, Year 2019, Thousands persons, 206.7
TOTAL, Total, Ilfov, Year 2020, Thousands persons, 209.5
TOTAL, Total, Ilfov, Year 2021, Thousands persons, 205.8
TOTAL, Total, Ilfov, Year 2022, Thousands persons, 212.4
TOTAL, Total, Ilfov, Year 2023, Thousands persons, 216.8
TOTAL, Total, Ilfov, Year 2024, Thousands persons, 217.2
TOTAL, Total, Bucharest Municipality, Year 2013, Thousands persons, 1091
TOTAL, Total, Bucharest Municipality, Year 2014, Thousands persons, 1083.6
TOTAL, Total, Bucharest Municipality, Year 2015, Thousands persons, 1099.6
TOTAL, Total, Bucharest Municipality, Year 2016, Thousands persons, 1174.5
TOTAL, Total, Bucharest Municipality, Year 2017, Thousands persons, 1177.6
TOTAL, Total, Bucharest Municipality, Year 2018, Thousands persons, 1173.1
TOTAL, Total, Bucharest Municipality, Year 2019, Thousands persons, 1218.3
TOTAL, Total, Bucharest Municipality, Year 2020, Thousands persons, 1211.4
TOTAL, Total, Bucharest Municipality, Year 2021, Thousands persons, 1210.8
TOTAL, Total, Bucharest Municipality, Year 2022, Thousands persons, 1246.7
TOTAL, Total, Bucharest Municipality, Year 2023, Thousands persons, 1255.6
TOTAL, Total, Bucharest Municipality, Year 2024, Thousands persons, 1303.5
TOTAL, Total, Dolj, Year 2013, Thousands persons, 262.7
TOTAL, Total, Dolj, Year 2014, Thousands persons, 257.3
TOTAL, Total, Dolj, Year 2015, Thousands persons, 248.8
TOTAL, Total, Dolj, Year 2016, Thousands persons, 239.2
TOTAL, Total, Dolj, Year 2017, Thousands persons, 242.5
TOTAL, Total, Dolj, Year 2018, Thousands persons, 246.4
TOTAL, Total, Dolj, Year 2019, Thousands persons, 248.3
TOTAL, Total, Dolj, Year 2020, Thousands persons, 248.1
TOTAL, Total, Dolj, Year 2021, Thousands persons, 209.6
TOTAL, Total, Dolj, Year 2022, Thousands persons, 214
TOTAL, Total, Dolj, Year 2023, Thousands persons, 212.9
TOTAL, Total, Dolj, Year 2024, Thousands persons, 212
TOTAL, Total, Gorj, Year 2013, Thousands persons, 134.4
TOTAL, Total, Gorj, Year 2014, Thousands persons, 131.4
TOTAL, Total, Gorj, Year 2015, Thousands persons, 127.1
TOTAL, Total, Gorj, Year 2016, Thousands persons, 125.9
TOTAL, Total, Gorj, Year 2017, Thousands persons, 127.2
TOTAL, Total, Gorj, Year 2018, Thousands persons, 129.9
TOTAL, Total, Gorj, Year 2019, Thousands persons, 130.5
TOTAL, Total, Gorj, Year 2020, Thousands persons, 130.3
TOTAL, Total, Gorj, Year 2021, Thousands persons, 115.2
TOTAL, Total, Gorj, Year 2022, Thousands persons, 118
TOTAL, Total, Gorj, Year 2023, Thousands persons, 114.9
TOTAL, Total, Gorj, Year 2024, Thousands persons, 116.9
TOTAL, Total, Mehedinti, Year 2013, Thousands persons, 105.3
TOTAL, Total, Mehedinti, Year 2014, Thousands persons, 103.2
TOTAL, Total, Mehedinti, Year 2015, Thousands persons, 99.3
TOTAL, Total, Mehedinti, Year 2016, Thousands persons, 94.1
TOTAL, Total, Mehedinti, Year 2017, Thousands persons, 94.4
TOTAL, Total, Mehedinti, Year 2018, Thousands persons, 95.7
TOTAL, Total, Mehedinti, Year 2019, Thousands persons, 95.1
TOTAL, Total, Mehedinti, Year 2020, Thousands persons, 94.5
TOTAL, Total, Mehedinti, Year 2021, Thousands persons, 76.9
TOTAL, Total, Mehedinti, Year 2022, Thousands persons, 79.5
TOTAL, Total, Mehedinti, Year 2023, Thousands persons, 78.3
TOTAL, Total, Mehedinti, Year 2024, Thousands persons, 77.6
TOTAL, Total, Olt, Year 2013, Thousands persons, 163.5
TOTAL, Total, Olt, Year 2014, Thousands persons, 160.8
TOTAL, Total, Olt, Year 2015, Thousands persons, 154.6
TOTAL, Total, Olt, Year 2016, Thousands persons, 147.7
TOTAL, Total, Olt, Year 2017, Thousands persons, 149.8
TOTAL, Total, Olt, Year 2018, Thousands persons, 151.7
TOTAL, Total, Olt, Year 2019, Thousands persons, 152.3
TOTAL, Total, Olt, Year 2020, Thousands persons, 150.9
TOTAL, Total, Olt, Year 2021, Thousands persons, 121.7
TOTAL, Total, Olt, Year 2022, Thousands persons, 125.5
TOTAL, Total, Olt, Year 2023, Thousands persons, 123
TOTAL, Total, Olt, Year 2024, Thousands persons, 122.2
TOTAL, Total, Valcea, Year 2013, Thousands persons, 166.1
TOTAL, Total, Valcea, Year 2014, Thousands persons, 161.1
TOTAL, Total, Valcea, Year 2015, Thousands persons, 157.9
TOTAL, Total, Valcea, Year 2016, Thousands persons, 154.4
TOTAL, Total, Valcea, Year 2017, Thousands persons, 153.4
TOTAL, Total, Valcea, Year 2018, Thousands persons, 154.6
TOTAL, Total, Valcea, Year 2019, Thousands persons, 156.7
TOTAL, Total, Valcea, Year 2020, Thousands persons, 156.3
TOTAL, Total, Valcea, Year 2021, Thousands persons, 134.2
TOTAL, Total, Valcea, Year 2022, Thousands persons, 138.4
TOTAL, Total, Valcea, Year 2023, Thousands persons, 135.8
TOTAL, Total, Valcea, Year 2024, Thousands persons, 135.4
TOTAL, Total, Arad, Year 2013, Thousands persons, 210.4
TOTAL, Total, Arad, Year 2014, Thousands persons, 212.1
TOTAL, Total, Arad, Year 2015, Thousands persons, 210.8
TOTAL, Total, Arad, Year 2016, Thousands persons, 211.3
TOTAL, Total, Arad, Year 2017, Thousands persons, 210.2
TOTAL, Total, Arad, Year 2018, Thousands persons, 211.3
TOTAL, Total, Arad, Year 2019, Thousands persons, 209.3
TOTAL, Total, Arad, Year 2020, Thousands persons, 205.1
TOTAL, Total, Arad, Year 2021, Thousands persons, 187.1
TOTAL, Total, Arad, Year 2022, Thousands persons, 192.2
TOTAL, Total, Arad, Year 2023, Thousands persons, 190.3
TOTAL, Total, Arad, Year 2024, Thousands persons, 187.6
TOTAL, Total, Caras-Severin, Year 2013, Thousands persons, 112.2
TOTAL, Total, Caras-Severin, Year 2014, Thousands persons, 112.1
TOTAL, Total, Caras-Severin, Year 2015, Thousands persons, 112.4
TOTAL, Total, Caras-Severin, Year 2016, Thousands persons, 108.7
TOTAL, Total, Caras-Severin, Year 2017, Thousands persons, 105.4
TOTAL, Total, Caras-Severin, Year 2018, Thousands persons, 103.3
TOTAL, Total, Caras-Severin, Year 2019, Thousands persons, 103.1
TOTAL, Total, Caras-Severin, Year 2020, Thousands persons, 102.3
TOTAL, Total, Caras-Severin, Year 2021, Thousands persons, 88.3
TOTAL, Total, Caras-Severin, Year 2022, Thousands persons, 90.8
TOTAL, Total, Caras-Severin, Year 2023, Thousands persons, 89
TOTAL, Total, Caras-Severin, Year 2024, Thousands persons, 88.9
TOTAL, Total, Hunedoara, Year 2013, Thousands persons, 179.5
TOTAL, Total, Hunedoara, Year 2014, Thousands persons, 176.9
TOTAL, Total, Hunedoara, Year 2015, Thousands persons, 175.1
TOTAL, Total, Hunedoara, Year 2016, Thousands persons, 170.5
TOTAL, Total, Hunedoara, Year 2017, Thousands persons, 168.6
TOTAL, Total, Hunedoara, Year 2018, Thousands persons, 166.4
TOTAL, Total, Hunedoara, Year 2019, Thousands persons, 166.4
TOTAL, Total, Hunedoara, Year 2020, Thousands persons, 165.3
TOTAL, Total, Hunedoara, Year 2021, Thousands persons, 149.4
TOTAL, Total, Hunedoara, Year 2022, Thousands persons, 149.6
TOTAL, Total, Hunedoara, Year 2023, Thousands persons, 146.1
TOTAL, Total, Hunedoara, Year 2024, Thousands persons, 144.8
TOTAL, Total, Timis, Year 2013, Thousands persons, 334.4
TOTAL, Total, Timis, Year 2014, Thousands persons, 336.2
TOTAL, Total, Timis, Year 2015, Thousands persons, 341.2
TOTAL, Total, Timis, Year 2016, Thousands persons, 344.1
TOTAL, Total, Timis, Year 2017, Thousands persons, 346.3
TOTAL, Total, Timis, Year 2018, Thousands persons, 348.9
TOTAL, Total, Timis, Year 2019, Thousands persons, 347.8
TOTAL, Total, Timis, Year 2020, Thousands persons, 346.7
TOTAL, Total, Timis, Year 2021, Thousands persons, 324.6
TOTAL, Total, Timis, Year 2022, Thousands persons, 333.7
TOTAL, Total, Timis, Year 2023, Thousands persons, 331.9
TOTAL, Total, Timis, Year 2024, Thousands persons, 332.5
