NACE Rev.2 (economic activities), Sex, Macroregions  development regions and counties, Years, MU: Lei  lei RON (from 2005), Valoare
TOTAL, Total, Bihor, Year 2013, Lei, 1155
TOTAL, Total, Bihor, Year 2014, Lei, 1299
TOTAL, Total, Bihor, Year 2015, Lei, 1396
TOTAL, Total, Bihor, Year 2016, Lei, 1563
TOTAL, Total, Bihor, Year 2017, Lei, 1871
TOTAL, Total, Bihor, Year 2018, Lei, 2087
TOTAL, Total, Bihor, Year 2019, Lei, 2385
TOTAL, Total, Bihor, Year 2020, Lei, 2603
TOTAL, Total, Bihor, Year 2021, Lei, 2766
TOTAL, Total, Bihor, Year 2022, Lei, 3099
TOTAL, Total, Bihor, Year 2023, Lei, 3609
TOTAL, Total, Bihor, Year 2024, Lei, 4095
TOTAL, Total, Bistrita-Nasaud, Year 2013, Lei, 1198
TOTAL, Total, Bistrita-Nasaud, Year 2014, Lei, 1273
TOTAL, Total, Bistrita-Nasaud, Year 2015, Lei, 1483
TOTAL, Total, Bistrita-Nasaud, Year 2016, Lei, 1587
TOTAL, Total, Bistrita-Nasaud, Year 2017, Lei, 1815
TOTAL, Total, Bistrita-Nasaud, Year 2018, Lei, 2044
TOTAL, Total, Bistrita-Nasaud, Year 2019, Lei, 2405
TOTAL, Total, Bistrita-Nasaud, Year 2020, Lei, 2538
TOTAL, Total, Bistrita-Nasaud, Year 2021, Lei, 2644
TOTAL, Total, Bistrita-Nasaud, Year 2022, Lei, 2951
TOTAL, Total, Bistrita-Nasaud, Year 2023, Lei, 3447
TOTAL, Total, Bistrita-Nasaud, Year 2024, Lei, 3942
TOTAL, Total, Cluj, Year 2013, Lei, 1672
TOTAL, Total, Cluj, Year 2014, Lei, 1857
TOTAL, Total, Cluj, Year 2015, Lei, 2025
TOTAL, Total, Cluj, Year 2016, Lei, 2340
TOTAL, Total, Cluj, Year 2017, Lei, 2668
TOTAL, Total, Cluj, Year 2018, Lei, 3026
TOTAL, Total, Cluj, Year 2019, Lei, 3449
TOTAL, Total, Cluj, Year 2020, Lei, 3744
TOTAL, Total, Cluj, Year 2021, Lei, 4046
TOTAL, Total, Cluj, Year 2022, Lei, 4679
TOTAL, Total, Cluj, Year 2023, Lei, 5344
TOTAL, Total, Cluj, Year 2024, Lei, 5921
TOTAL, Total, Maramures, Year 2013, Lei, 1165
TOTAL, Total, Maramures, Year 2014, Lei, 1292
TOTAL, Total, Maramures, Year 2015, Lei, 1376
TOTAL, Total, Maramures, Year 2016, Lei, 1572
TOTAL, Total, Maramures, Year 2017, Lei, 1886
TOTAL, Total, Maramures, Year 2018, Lei, 2127
TOTAL, Total, Maramures, Year 2019, Lei, 2437
TOTAL, Total, Maramures, Year 2020, Lei, 2595
TOTAL, Total, Maramures, Year 2021, Lei, 2721
TOTAL, Total, Maramures, Year 2022, Lei, 3068
TOTAL, Total, Maramures, Year 2023, Lei, 3562
TOTAL, Total, Maramures, Year 2024, Lei, 4177
TOTAL, Total, Satu Mare, Year 2013, Lei, 1279
TOTAL, Total, Satu Mare, Year 2014, Lei, 1344
TOTAL, Total, Satu Mare, Year 2015, Lei, 1465
TOTAL, Total, Satu Mare, Year 2016, Lei, 1659
TOTAL, Total, Satu Mare, Year 2017, Lei, 1931
TOTAL, Total, Satu Mare, Year 2018, Lei, 2173
TOTAL, Total, Satu Mare, Year 2019, Lei, 2510
TOTAL, Total, Satu Mare, Year 2020, Lei, 2656
TOTAL, Total, Satu Mare, Year 2021, Lei, 2816
TOTAL, Total, Satu Mare, Year 2022, Lei, 3133
TOTAL, Total, Satu Mare, Year 2023, Lei, 3587
TOTAL, Total, Satu Mare, Year 2024, Lei, 4094
TOTAL, Total, Salaj, Year 2013, Lei, 1219
TOTAL, Total, Salaj, Year 2014, Lei, 1327
TOTAL, Total, Salaj, Year 2015, Lei, 1493
TOTAL, Total, Salaj, Year 2016, Lei, 1604
TOTAL, Total, Salaj, Year 2017, Lei, 1891
TOTAL, Total, Salaj, Year 2018, Lei, 2177
TOTAL, Total, Salaj, Year 2019, Lei, 2547
TOTAL, Total, Salaj, Year 2020, Lei, 2677
TOTAL, Total, Salaj, Year 2021, Lei, 2884
TOTAL, Total, Salaj, Year 2022, Lei, 3135
TOTAL, Total, Salaj, Year 2023, Lei, 3690
TOTAL, Total, Salaj, Year 2024, Lei, 4155
TOTAL, Total, Alba, Year 2013, Lei, 1323
TOTAL, Total, Alba, Year 2014, Lei, 1433
TOTAL, Total, Alba, Year 2015, Lei, 1588
TOTAL, Total, Alba, Year 2016, Lei, 1767
TOTAL, Total, Alba, Year 2017, Lei, 2057
TOTAL, Total, Alba, Year 2018, Lei, 2375
TOTAL, Total, Alba, Year 2019, Lei, 2664
TOTAL, Total, Alba, Year 2020, Lei, 2846
TOTAL, Total, Alba, Year 2021, Lei, 3070
TOTAL, Total, Alba, Year 2022, Lei, 3325
TOTAL, Total, Alba, Year 2023, Lei, 3837
TOTAL, Total, Alba, Year 2024, Lei, 4326
TOTAL, Total, Brasov, Year 2013, Lei, 1486
TOTAL, Total, Brasov, Year 2014, Lei, 1604
TOTAL, Total, Brasov, Year 2015, Lei, 1783
TOTAL, Total, Brasov, Year 2016, Lei, 2020
TOTAL, Total, Brasov, Year 2017, Lei, 2314
TOTAL, Total, Brasov, Year 2018, Lei, 2609
TOTAL, Total, Brasov, Year 2019, Lei, 2916
TOTAL, Total, Brasov, Year 2020, Lei, 3111
TOTAL, Total, Brasov, Year 2021, Lei, 3319
TOTAL, Total, Brasov, Year 2022, Lei, 3740
TOTAL, Total, Brasov, Year 2023, Lei, 4404
TOTAL, Total, Brasov, Year 2024, Lei, 5019
TOTAL, Total, Covasna, Year 2013, Lei, 1179
TOTAL, Total, Covasna, Year 2014, Lei, 1267
TOTAL, Total, Covasna, Year 2015, Lei, 1400
TOTAL, Total, Covasna, Year 2016, Lei, 1542
TOTAL, Total, Covasna, Year 2017, Lei, 1858
TOTAL, Total, Covasna, Year 2018, Lei, 2098
TOTAL, Total, Covasna, Year 2019, Lei, 2379
TOTAL, Total, Covasna, Year 2020, Lei, 2579
TOTAL, Total, Covasna, Year 2021, Lei, 2677
TOTAL, Total, Covasna, Year 2022, Lei, 2993
TOTAL, Total, Covasna, Year 2023, Lei, 3529
TOTAL, Total, Covasna, Year 2024, Lei, 3896
TOTAL, Total, Harghita, Year 2013, Lei, 1130
TOTAL, Total, Harghita, Year 2014, Lei, 1251
TOTAL, Total, Harghita, Year 2015, Lei, 1375
TOTAL, Total, Harghita, Year 2016, Lei, 1519
TOTAL, Total, Harghita, Year 2017, Lei, 1796
TOTAL, Total, Harghita, Year 2018, Lei, 2059
TOTAL, Total, Harghita, Year 2019, Lei, 2349
TOTAL, Total, Harghita, Year 2020, Lei, 2483
TOTAL, Total, Harghita, Year 2021, Lei, 2687
TOTAL, Total, Harghita, Year 2022, Lei, 2924
TOTAL, Total, Harghita, Year 2023, Lei, 3490
TOTAL, Total, Harghita, Year 2024, Lei, 3955
TOTAL, Total, Mures, Year 2013, Lei, 1386
TOTAL, Total, Mures, Year 2014, Lei, 1509
TOTAL, Total, Mures, Year 2015, Lei, 1630
TOTAL, Total, Mures, Year 2016, Lei, 1853
TOTAL, Total, Mures, Year 2017, Lei, 2112
TOTAL, Total, Mures, Year 2018, Lei, 2459
TOTAL, Total, Mures, Year 2019, Lei, 2739
TOTAL, Total, Mures, Year 2020, Lei, 2975
TOTAL, Total, Mures, Year 2021, Lei, 3117
TOTAL, Total, Mures, Year 2022, Lei, 3456
TOTAL, Total, Mures, Year 2023, Lei, 4041
TOTAL, Total, Mures, Year 2024, Lei, 4492
TOTAL, Total, Sibiu, Year 2013, Lei, 1543
TOTAL, Total, Sibiu, Year 2014, Lei, 1616
TOTAL, Total, Sibiu, Year 2015, Lei, 1822
TOTAL, Total, Sibiu, Year 2016, Lei, 2046
TOTAL, Total, Sibiu, Year 2017, Lei, 2315
TOTAL, Total, Sibiu, Year 2018, Lei, 2626
TOTAL, Total, Sibiu, Year 2019, Lei, 2976
TOTAL, Total, Sibiu, Year 2020, Lei, 3165
TOTAL, Total, Sibiu, Year 2021, Lei, 3442
TOTAL, Total, Sibiu, Year 2022, Lei, 3775
TOTAL, Total, Sibiu, Year 2023, Lei, 4392
TOTAL, Total, Sibiu, Year 2024, Lei, 4942
TOTAL, Total, Bacau, Year 2013, Lei, 1355
TOTAL, Total, Bacau, Year 2014, Lei, 1455
TOTAL, Total, Bacau, Year 2015, Lei, 1581
TOTAL, Total, Bacau, Year 2016, Lei, 1739
TOTAL, Total, Bacau, Year 2017, Lei, 2031
TOTAL, Total, Bacau, Year 2018, Lei, 2270
TOTAL, Total, Bacau, Year 2019, Lei, 2603
TOTAL, Total, Bacau, Year 2020, Lei, 2825
TOTAL, Total, Bacau, Year 2021, Lei, 2977
TOTAL, Total, Bacau, Year 2022, Lei, 3335
TOTAL, Total, Bacau, Year 2023, Lei, 3948
TOTAL, Total, Bacau, Year 2024, Lei, 4474
TOTAL, Total, Botosani, Year 2013, Lei, 1216
TOTAL, Total, Botosani, Year 2014, Lei, 1347
TOTAL, Total, Botosani, Year 2015, Lei, 1491
TOTAL, Total, Botosani, Year 2016, Lei, 1571
TOTAL, Total, Botosani, Year 2017, Lei, 1887
TOTAL, Total, Botosani, Year 2018, Lei, 2174
TOTAL, Total, Botosani, Year 2019, Lei, 2501
TOTAL, Total, Botosani, Year 2020, Lei, 2671
TOTAL, Total, Botosani, Year 2021, Lei, 2695
TOTAL, Total, Botosani, Year 2022, Lei, 2958
TOTAL, Total, Botosani, Year 2023, Lei, 3430
TOTAL, Total, Botosani, Year 2024, Lei, 3941
TOTAL, Total, Iasi, Year 2013, Lei, 1499
TOTAL, Total, Iasi, Year 2014, Lei, 1649
TOTAL, Total, Iasi, Year 2015, Lei, 1798
TOTAL, Total, Iasi, Year 2016, Lei, 1940
TOTAL, Total, Iasi, Year 2017, Lei, 2338
TOTAL, Total, Iasi, Year 2018, Lei, 2691
TOTAL, Total, Iasi, Year 2019, Lei, 3125
TOTAL, Total, Iasi, Year 2020, Lei, 3327
TOTAL, Total, Iasi, Year 2021, Lei, 3557
TOTAL, Total, Iasi, Year 2022, Lei, 3939
TOTAL, Total, Iasi, Year 2023, Lei, 4568
TOTAL, Total, Iasi, Year 2024, Lei, 5098
TOTAL, Total, Neamt, Year 2013, Lei, 1198
TOTAL, Total, Neamt, Year 2014, Lei, 1274
TOTAL, Total, Neamt, Year 2015, Lei, 1359
TOTAL, Total, Neamt, Year 2016, Lei, 1575
TOTAL, Total, Neamt, Year 2017, Lei, 1866
TOTAL, Total, Neamt, Year 2018, Lei, 2083
TOTAL, Total, Neamt, Year 2019, Lei, 2395
TOTAL, Total, Neamt, Year 2020, Lei, 2590
TOTAL, Total, Neamt, Year 2021, Lei, 2713
TOTAL, Total, Neamt, Year 2022, Lei, 3041
TOTAL, Total, Neamt, Year 2023, Lei, 3542
TOTAL, Total, Neamt, Year 2024, Lei, 4013
TOTAL, Total, Suceava, Year 2013, Lei, 1256
TOTAL, Total, Suceava, Year 2014, Lei, 1352
TOTAL, Total, Suceava, Year 2015, Lei, 1489
TOTAL, Total, Suceava, Year 2016, Lei, 1593
TOTAL, Total, Suceava, Year 2017, Lei, 1876
TOTAL, Total, Suceava, Year 2018, Lei, 2118
TOTAL, Total, Suceava, Year 2019, Lei, 2445
TOTAL, Total, Suceava, Year 2020, Lei, 2646
TOTAL, Total, Suceava, Year 2021, Lei, 2737
TOTAL, Total, Suceava, Year 2022, Lei, 3042
TOTAL, Total, Suceava, Year 2023, Lei, 3588
TOTAL, Total, Suceava, Year 2024, Lei, 4071
TOTAL, Total, Vaslui, Year 2013, Lei, 1172
TOTAL, Total, Vaslui, Year 2014, Lei, 1304
TOTAL, Total, Vaslui, Year 2015, Lei, 1387
TOTAL, Total, Vaslui, Year 2016, Lei, 1627
TOTAL, Total, Vaslui, Year 2017, Lei, 1877
TOTAL, Total, Vaslui, Year 2018, Lei, 2161
TOTAL, Total, Vaslui, Year 2019, Lei, 2482
TOTAL, Total, Vaslui, Year 2020, Lei, 2673
TOTAL, Total, Vaslui, Year 2021, Lei, 2711
TOTAL, Total, Vaslui, Year 2022, Lei, 2981
TOTAL, Total, Vaslui, Year 2023, Lei, 3446
TOTAL, Total, Vaslui, Year 2024, Lei, 3929
TOTAL, Total, Braila, Year 2013, Lei, 1263
TOTAL, Total, Braila, Year 2014, Lei, 1348
TOTAL, Total, Braila, Year 2015, Lei, 1462
TOTAL, Total, Braila, Year 2016, Lei, 1587
TOTAL, Total, Braila, Year 2017, Lei, 1859
TOTAL, Total, Braila, Year 2018, Lei, 2119
TOTAL, Total, Braila, Year 2019, Lei, 2428
TOTAL, Total, Braila, Year 2020, Lei, 2607
TOTAL, Total, Braila, Year 2021, Lei, 2693
TOTAL, Total, Braila, Year 2022, Lei, 2972
TOTAL, Total, Braila, Year 2023, Lei, 3446
TOTAL, Total, Braila, Year 2024, Lei, 3912
TOTAL, Total, Buzau, Year 2013, Lei, 1294
TOTAL, Total, Buzau, Year 2014, Lei, 1326
TOTAL, Total, Buzau, Year 2015, Lei, 1484
TOTAL, Total, Buzau, Year 2016, Lei, 1644
TOTAL, Total, Buzau, Year 2017, Lei, 1903
TOTAL, Total, Buzau, Year 2018, Lei, 2170
TOTAL, Total, Buzau, Year 2019, Lei, 2450
TOTAL, Total, Buzau, Year 2020, Lei, 2644
TOTAL, Total, Buzau, Year 2021, Lei, 2773
TOTAL, Total, Buzau, Year 2022, Lei, 2996
TOTAL, Total, Buzau, Year 2023, Lei, 3595
TOTAL, Total, Buzau, Year 2024, Lei, 4067
TOTAL, Total, Constanta, Year 2013, Lei, 1486
TOTAL, Total, Constanta, Year 2014, Lei, 1571
TOTAL, Total, Constanta, Year 2015, Lei, 1735
TOTAL, Total, Constanta, Year 2016, Lei, 1871
TOTAL, Total, Constanta, Year 2017, Lei, 2117
TOTAL, Total, Constanta, Year 2018, Lei, 2377
TOTAL, Total, Constanta, Year 2019, Lei, 2651
TOTAL, Total, Constanta, Year 2020, Lei, 2918
TOTAL, Total, Constanta, Year 2021, Lei, 3034
TOTAL, Total, Constanta, Year 2022, Lei, 3378
TOTAL, Total, Constanta, Year 2023, Lei, 4028
TOTAL, Total, Constanta, Year 2024, Lei, 4491
TOTAL, Total, Galati, Year 2013, Lei, 1435
TOTAL, Total, Galati, Year 2014, Lei, 1576
TOTAL, Total, Galati, Year 2015, Lei, 1643
TOTAL, Total, Galati, Year 2016, Lei, 1740
TOTAL, Total, Galati, Year 2017, Lei, 2007
TOTAL, Total, Galati, Year 2018, Lei, 2290
TOTAL, Total, Galati, Year 2019, Lei, 2602
TOTAL, Total, Galati, Year 2020, Lei, 2809
TOTAL, Total, Galati, Year 2021, Lei, 2947
TOTAL, Total, Galati, Year 2022, Lei, 3256
TOTAL, Total, Galati, Year 2023, Lei, 3822
TOTAL, Total, Galati, Year 2024, Lei, 4276
TOTAL, Total, Tulcea, Year 2013, Lei, 1381
TOTAL, Total, Tulcea, Year 2014, Lei, 1482
TOTAL, Total, Tulcea, Year 2015, Lei, 1578
TOTAL, Total, Tulcea, Year 2016, Lei, 1706
TOTAL, Total, Tulcea, Year 2017, Lei, 2009
TOTAL, Total, Tulcea, Year 2018, Lei, 2298
TOTAL, Total, Tulcea, Year 2019, Lei, 2593
TOTAL, Total, Tulcea, Year 2020, Lei, 2821
TOTAL, Total, Tulcea, Year 2021, Lei, 2899
TOTAL, Total, Tulcea, Year 2022, Lei, 3146
TOTAL, Total, Tulcea, Year 2023, Lei, 3525
TOTAL, Total, Tulcea, Year 2024, Lei, 4003
TOTAL, Total, Vrancea, Year 2013, Lei, 1196
TOTAL, Total, Vrancea, Year 2014, Lei, 1300
TOTAL, Total, Vrancea, Year 2015, Lei, 1440
TOTAL, Total, Vrancea, Year 2016, Lei, 1556
TOTAL, Total, Vrancea, Year 2017, Lei, 1800
TOTAL, Total, Vrancea, Year 2018, Lei, 2083
TOTAL, Total, Vrancea, Year 2019, Lei, 2389
TOTAL, Total, Vrancea, Year 2020, Lei, 2561
TOTAL, Total, Vrancea, Year 2021, Lei, 2648
TOTAL, Total, Vrancea, Year 2022, Lei, 2888
TOTAL, Total, Vrancea, Year 2023, Lei, 3344
TOTAL, Total, Vrancea, Year 2024, Lei, 3890
TOTAL, Total, Arges, Year 2013, Lei, 1649
TOTAL, Total, Arges, Year 2014, Lei, 1785
TOTAL, Total, Arges, Year 2015, Lei, 1943
TOTAL, Total, Arges, Year 2016, Lei, 2074
TOTAL, Total, Arges, Year 2017, Lei, 2318
TOTAL, Total, Arges, Year 2018, Lei, 2562
TOTAL, Total, Arges, Year 2019, Lei, 2908
TOTAL, Total, Arges, Year 2020, Lei, 3043
TOTAL, Total, Arges, Year 2021, Lei, 3222
TOTAL, Total, Arges, Year 2022, Lei, 3487
TOTAL, Total, Arges, Year 2023, Lei, 4106
TOTAL, Total, Arges, Year 2024, Lei, 4729
TOTAL, Total, Calarasi, Year 2013, Lei, 1258
TOTAL, Total, Calarasi, Year 2014, Lei, 1365
TOTAL, Total, Calarasi, Year 2015, Lei, 1435
TOTAL, Total, Calarasi, Year 2016, Lei, 1624
TOTAL, Total, Calarasi, Year 2017, Lei, 1940
TOTAL, Total, Calarasi, Year 2018, Lei, 2203
TOTAL, Total, Calarasi, Year 2019, Lei, 2539
TOTAL, Total, Calarasi, Year 2020, Lei, 2769
TOTAL, Total, Calarasi, Year 2021, Lei, 2808
TOTAL, Total, Calarasi, Year 2022, Lei, 3189
TOTAL, Total, Calarasi, Year 2023, Lei, 3602
TOTAL, Total, Calarasi, Year 2024, Lei, 4057
TOTAL, Total, Dambovita, Year 2013, Lei, 1412
TOTAL, Total, Dambovita, Year 2014, Lei, 1488
TOTAL, Total, Dambovita, Year 2015, Lei, 1570
TOTAL, Total, Dambovita, Year 2016, Lei, 1736
TOTAL, Total, Dambovita, Year 2017, Lei, 2000
TOTAL, Total, Dambovita, Year 2018, Lei, 2243
TOTAL, Total, Dambovita, Year 2019, Lei, 2513
TOTAL, Total, Dambovita, Year 2020, Lei, 2727
TOTAL, Total, Dambovita, Year 2021, Lei, 2847
TOTAL, Total, Dambovita, Year 2022, Lei, 3122
TOTAL, Total, Dambovita, Year 2023, Lei, 3672
TOTAL, Total, Dambovita, Year 2024, Lei, 4181
TOTAL, Total, Giurgiu, Year 2013, Lei, 1332
TOTAL, Total, Giurgiu, Year 2014, Lei, 1413
TOTAL, Total, Giurgiu, Year 2015, Lei, 1546
TOTAL, Total, Giurgiu, Year 2016, Lei, 1724
TOTAL, Total, Giurgiu, Year 2017, Lei, 2018
TOTAL, Total, Giurgiu, Year 2018, Lei, 2340
TOTAL, Total, Giurgiu, Year 2019, Lei, 2672
TOTAL, Total, Giurgiu, Year 2020, Lei, 2892
TOTAL, Total, Giurgiu, Year 2021, Lei, 2947
TOTAL, Total, Giurgiu, Year 2022, Lei, 3264
TOTAL, Total, Giurgiu, Year 2023, Lei, 3772
TOTAL, Total, Giurgiu, Year 2024, Lei, 4317
TOTAL, Total, Ialomita, Year 2013, Lei, 1239
TOTAL, Total, Ialomita, Year 2014, Lei, 1362
TOTAL, Total, Ialomita, Year 2015, Lei, 1446
TOTAL, Total, Ialomita, Year 2016, Lei, 1579
TOTAL, Total, Ialomita, Year 2017, Lei, 1890
TOTAL, Total, Ialomita, Year 2018, Lei, 2162
TOTAL, Total, Ialomita, Year 2019, Lei, 2434
TOTAL, Total, Ialomita, Year 2020, Lei, 2651
TOTAL, Total, Ialomita, Year 2021, Lei, 2793
TOTAL, Total, Ialomita, Year 2022, Lei, 3114
TOTAL, Total, Ialomita, Year 2023, Lei, 3618
TOTAL, Total, Ialomita, Year 2024, Lei, 4136
TOTAL, Total, Prahova, Year 2013, Lei, 1542
TOTAL, Total, Prahova, Year 2014, Lei, 1687
TOTAL, Total, Prahova, Year 2015, Lei, 1832
TOTAL, Total, Prahova, Year 2016, Lei, 1950
TOTAL, Total, Prahova, Year 2017, Lei, 2235
TOTAL, Total, Prahova, Year 2018, Lei, 2449
TOTAL, Total, Prahova, Year 2019, Lei, 2813
TOTAL, Total, Prahova, Year 2020, Lei, 3021
TOTAL, Total, Prahova, Year 2021, Lei, 3207
TOTAL, Total, Prahova, Year 2022, Lei, 3621
TOTAL, Total, Prahova, Year 2023, Lei, 4162
TOTAL, Total, Prahova, Year 2024, Lei, 4747
TOTAL, Total, Teleorman, Year 2013, Lei, 1236
TOTAL, Total, Teleorman, Year 2014, Lei, 1320
TOTAL, Total, Teleorman, Year 2015, Lei, 1415
TOTAL, Total, Teleorman, Year 2016, Lei, 1591
TOTAL, Total, Teleorman, Year 2017, Lei, 1872
TOTAL, Total, Teleorman, Year 2018, Lei, 2079
TOTAL, Total, Teleorman, Year 2019, Lei, 2360
TOTAL, Total, Teleorman, Year 2020, Lei, 2539
TOTAL, Total, Teleorman, Year 2021, Lei, 2579
TOTAL, Total, Teleorman, Year 2022, Lei, 2881
TOTAL, Total, Teleorman, Year 2023, Lei, 3353
TOTAL, Total, Teleorman, Year 2024, Lei, 3822
TOTAL, Total, Ilfov, Year 2013, Lei, 1960
TOTAL, Total, Ilfov, Year 2014, Lei, 2087
TOTAL, Total, Ilfov, Year 2015, Lei, 2267
TOTAL, Total, Ilfov, Year 2016, Lei, 2380
TOTAL, Total, Ilfov, Year 2017, Lei, 2610
TOTAL, Total, Ilfov, Year 2018, Lei, 2871
TOTAL, Total, Ilfov, Year 2019, Lei, 3163
TOTAL, Total, Ilfov, Year 2020, Lei, 3348
TOTAL, Total, Ilfov, Year 2021, Lei, 3489
TOTAL, Total, Ilfov, Year 2022, Lei, 3958
TOTAL, Total, Ilfov, Year 2023, Lei, 4602
TOTAL, Total, Ilfov, Year 2024, Lei, 5060
TOTAL, Total, Bucharest Municipality, Year 2013, Lei, 2304
TOTAL, Total, Bucharest Municipality, Year 2014, Lei, 2441
TOTAL, Total, Bucharest Municipality, Year 2015, Lei, 2696
TOTAL, Total, Bucharest Municipality, Year 2016, Lei, 2925
TOTAL, Total, Bucharest Municipality, Year 2017, Lei, 3272
TOTAL, Total, Bucharest Municipality, Year 2018, Lei, 3666
TOTAL, Total, Bucharest Municipality, Year 2019, Lei, 4068
TOTAL, Total, Bucharest Municipality, Year 2020, Lei, 4408
TOTAL, Total, Bucharest Municipality, Year 2021, Lei, 4755
TOTAL, Total, Bucharest Municipality, Year 2022, Lei, 5304
TOTAL, Total, Bucharest Municipality, Year 2023, Lei, 6053
TOTAL, Total, Bucharest Municipality, Year 2024, Lei, 6730
TOTAL, Total, Dolj, Year 2013, Lei, 1465
TOTAL, Total, Dolj, Year 2014, Lei, 1541
TOTAL, Total, Dolj, Year 2015, Lei, 1672
TOTAL, Total, Dolj, Year 2016, Lei, 1824
TOTAL, Total, Dolj, Year 2017, Lei, 2128
TOTAL, Total, Dolj, Year 2018, Lei, 2458
TOTAL, Total, Dolj, Year 2019, Lei, 2766
TOTAL, Total, Dolj, Year 2020, Lei, 2967
TOTAL, Total, Dolj, Year 2021, Lei, 3107
TOTAL, Total, Dolj, Year 2022, Lei, 3433
TOTAL, Total, Dolj, Year 2023, Lei, 4018
TOTAL, Total, Dolj, Year 2024, Lei, 4520
TOTAL, Total, Gorj, Year 2013, Lei, 1608
TOTAL, Total, Gorj, Year 2014, Lei, 1761
TOTAL, Total, Gorj, Year 2015, Lei, 1782
TOTAL, Total, Gorj, Year 2016, Lei, 1862
TOTAL, Total, Gorj, Year 2017, Lei, 2137
TOTAL, Total, Gorj, Year 2018, Lei, 2387
TOTAL, Total, Gorj, Year 2019, Lei, 2657
TOTAL, Total, Gorj, Year 2020, Lei, 2858
TOTAL, Total, Gorj, Year 2021, Lei, 3008
TOTAL, Total, Gorj, Year 2022, Lei, 3359
TOTAL, Total, Gorj, Year 2023, Lei, 3975
TOTAL, Total, Gorj, Year 2024, Lei, 4446
TOTAL, Total, Mehedinti, Year 2013, Lei, 1367
TOTAL, Total, Mehedinti, Year 2014, Lei, 1475
TOTAL, Total, Mehedinti, Year 2015, Lei, 1544
TOTAL, Total, Mehedinti, Year 2016, Lei, 1630
TOTAL, Total, Mehedinti, Year 2017, Lei, 1897
TOTAL, Total, Mehedinti, Year 2018, Lei, 2184
TOTAL, Total, Mehedinti, Year 2019, Lei, 2476
TOTAL, Total, Mehedinti, Year 2020, Lei, 2686
TOTAL, Total, Mehedinti, Year 2021, Lei, 2751
TOTAL, Total, Mehedinti, Year 2022, Lei, 2954
TOTAL, Total, Mehedinti, Year 2023, Lei, 3502
TOTAL, Total, Mehedinti, Year 2024, Lei, 3945
TOTAL, Total, Olt, Year 2013, Lei, 1379
TOTAL, Total, Olt, Year 2014, Lei, 1558
TOTAL, Total, Olt, Year 2015, Lei, 1624
TOTAL, Total, Olt, Year 2016, Lei, 1753
TOTAL, Total, Olt, Year 2017, Lei, 2044
TOTAL, Total, Olt, Year 2018, Lei, 2343
TOTAL, Total, Olt, Year 2019, Lei, 2685
TOTAL, Total, Olt, Year 2020, Lei, 2864
TOTAL, Total, Olt, Year 2021, Lei, 3029
TOTAL, Total, Olt, Year 2022, Lei, 3289
TOTAL, Total, Olt, Year 2023, Lei, 3877
TOTAL, Total, Olt, Year 2024, Lei, 4377
TOTAL, Total, Valcea, Year 2013, Lei, 1295
TOTAL, Total, Valcea, Year 2014, Lei, 1337
TOTAL, Total, Valcea, Year 2015, Lei, 1431
TOTAL, Total, Valcea, Year 2016, Lei, 1601
TOTAL, Total, Valcea, Year 2017, Lei, 1854
TOTAL, Total, Valcea, Year 2018, Lei, 2104
TOTAL, Total, Valcea, Year 2019, Lei, 2414
TOTAL, Total, Valcea, Year 2020, Lei, 2606
TOTAL, Total, Valcea, Year 2021, Lei, 2694
TOTAL, Total, Valcea, Year 2022, Lei, 2950
TOTAL, Total, Valcea, Year 2023, Lei, 3435
TOTAL, Total, Valcea, Year 2024, Lei, 3881
TOTAL, Total, Arad, Year 2013, Lei, 1402
TOTAL, Total, Arad, Year 2014, Lei, 1492
TOTAL, Total, Arad, Year 2015, Lei, 1671
TOTAL, Total, Arad, Year 2016, Lei, 1819
TOTAL, Total, Arad, Year 2017, Lei, 2103
TOTAL, Total, Arad, Year 2018, Lei, 2388
TOTAL, Total, Arad, Year 2019, Lei, 2611
TOTAL, Total, Arad, Year 2020, Lei, 2761
TOTAL, Total, Arad, Year 2021, Lei, 2972
TOTAL, Total, Arad, Year 2022, Lei, 3236
TOTAL, Total, Arad, Year 2023, Lei, 3823
TOTAL, Total, Arad, Year 2024, Lei, 4258
TOTAL, Total, Caras-Severin, Year 2013, Lei, 1227
TOTAL, Total, Caras-Severin, Year 2014, Lei, 1326
TOTAL, Total, Caras-Severin, Year 2015, Lei, 1459
TOTAL, Total, Caras-Severin, Year 2016, Lei, 1637
TOTAL, Total, Caras-Severin, Year 2017, Lei, 1869
TOTAL, Total, Caras-Severin, Year 2018, Lei, 2142
TOTAL, Total, Caras-Severin, Year 2019, Lei, 2462
TOTAL, Total, Caras-Severin, Year 2020, Lei, 2650
TOTAL, Total, Caras-Severin, Year 2021, Lei, 2759
TOTAL, Total, Caras-Severin, Year 2022, Lei, 3045
TOTAL, Total, Caras-Severin, Year 2023, Lei, 3573
TOTAL, Total, Caras-Severin, Year 2024, Lei, 4060
TOTAL, Total, Hunedoara, Year 2013, Lei, 1311
TOTAL, Total, Hunedoara, Year 2014, Lei, 1393
TOTAL, Total, Hunedoara, Year 2015, Lei, 1524
TOTAL, Total, Hunedoara, Year 2016, Lei, 1600
TOTAL, Total, Hunedoara, Year 2017, Lei, 1898
TOTAL, Total, Hunedoara, Year 2018, Lei, 2088
TOTAL, Total, Hunedoara, Year 2019, Lei, 2426
TOTAL, Total, Hunedoara, Year 2020, Lei, 2617
TOTAL, Total, Hunedoara, Year 2021, Lei, 2731
TOTAL, Total, Hunedoara, Year 2022, Lei, 2984
TOTAL, Total, Hunedoara, Year 2023, Lei, 3474
TOTAL, Total, Hunedoara, Year 2024, Lei, 3902
TOTAL, Total, Timis, Year 2013, Lei, 1704
TOTAL, Total, Timis, Year 2014, Lei, 1836
TOTAL, Total, Timis, Year 2015, Lei, 2060
TOTAL, Total, Timis, Year 2016, Lei, 2343
TOTAL, Total, Timis, Year 2017, Lei, 2562
TOTAL, Total, Timis, Year 2018, Lei, 2922
TOTAL, Total, Timis, Year 2019, Lei, 3310
TOTAL, Total, Timis, Year 2020, Lei, 3536
TOTAL, Total, Timis, Year 2021, Lei, 3845
TOTAL, Total, Timis, Year 2022, Lei, 4251
TOTAL, Total, Timis, Year 2023, Lei, 4910
TOTAL, Total, Timis, Year 2024, Lei, 5508
