CANE Rev.2 (activity of national economy-sections), Size clases, Macroregions  development regions and counties, Years, MU: Number, Valoare
Total, Total, Bihor, Year 2013, Number, 16302
Total, Total, Bihor, Year 2014, Number, 17360
Total, Total, Bihor, Year 2015, Number, 17424
Total, Total, Bihor, Year 2016, Number, 17994
Total, Total, Bihor, Year 2017, Number, 18902
Total, Total, Bihor, Year 2018, Number, 19617
Total, Total, Bihor, Year 2019, Number, 19821
Total, Total, Bihor, Year 2020, Number, 20854
Total, Total, Bihor, Year 2021, Number, 21762
Total, Total, Bihor, Year 2022, Number, 22513
Total, Total, Bihor, Year 2023, Number, 23889
Total, Total, Bihor, Year 2024, Number, 24446
Total, Total, Bistrita-Nasaud, Year 2013, Number, 5904
Total, Total, Bistrita-Nasaud, Year 2014, Number, 6123
Total, Total, Bistrita-Nasaud, Year 2015, Number, 6221
Total, Total, Bistrita-Nasaud, Year 2016, Number, 6497
Total, Total, Bistrita-Nasaud, Year 2017, Number, 6976
Total, Total, Bistrita-Nasaud, Year 2018, Number, 7453
Total, Total, Bistrita-Nasaud, Year 2019, Number, 7762
Total, Total, Bistrita-Nasaud, Year 2020, Number, 8568
Total, Total, Bistrita-Nasaud, Year 2021, Number, 8913
Total, Total, Bistrita-Nasaud, Year 2022, Number, 9275
Total, Total, Bistrita-Nasaud, Year 2023, Number, 9659
Total, Total, Bistrita-Nasaud, Year 2024, Number, 9898
Total, Total, Cluj, Year 2013, Number, 25375
Total, Total, Cluj, Year 2014, Number, 27153
Total, Total, Cluj, Year 2015, Number, 28126
Total, Total, Cluj, Year 2016, Number, 29754
Total, Total, Cluj, Year 2017, Number, 32028
Total, Total, Cluj, Year 2018, Number, 34107
Total, Total, Cluj, Year 2019, Number, 34989
Total, Total, Cluj, Year 2020, Number, 36580
Total, Total, Cluj, Year 2021, Number, 38695
Total, Total, Cluj, Year 2022, Number, 40184
Total, Total, Cluj, Year 2023, Number, 42435
Total, Total, Cluj, Year 2024, Number, 43995
Total, Total, Maramures, Year 2013, Number, 9307
Total, Total, Maramures, Year 2014, Number, 9938
Total, Total, Maramures, Year 2015, Number, 10106
Total, Total, Maramures, Year 2016, Number, 10355
Total, Total, Maramures, Year 2017, Number, 10978
Total, Total, Maramures, Year 2018, Number, 11304
Total, Total, Maramures, Year 2019, Number, 11657
Total, Total, Maramures, Year 2020, Number, 12492
Total, Total, Maramures, Year 2021, Number, 13203
Total, Total, Maramures, Year 2022, Number, 13636
Total, Total, Maramures, Year 2023, Number, 14398
Total, Total, Maramures, Year 2024, Number, 14730
Total, Total, Satu Mare, Year 2013, Number, 6888
Total, Total, Satu Mare, Year 2014, Number, 7226
Total, Total, Satu Mare, Year 2015, Number, 7287
Total, Total, Satu Mare, Year 2016, Number, 7488
Total, Total, Satu Mare, Year 2017, Number, 7844
Total, Total, Satu Mare, Year 2018, Number, 8019
Total, Total, Satu Mare, Year 2019, Number, 8169
Total, Total, Satu Mare, Year 2020, Number, 8639
Total, Total, Satu Mare, Year 2021, Number, 8976
Total, Total, Satu Mare, Year 2022, Number, 9088
Total, Total, Satu Mare, Year 2023, Number, 9604
Total, Total, Satu Mare, Year 2024, Number, 9783
Total, Total, Salaj, Year 2013, Number, 4429
Total, Total, Salaj, Year 2014, Number, 4644
Total, Total, Salaj, Year 2015, Number, 4696
Total, Total, Salaj, Year 2016, Number, 4894
Total, Total, Salaj, Year 2017, Number, 5083
Total, Total, Salaj, Year 2018, Number, 5347
Total, Total, Salaj, Year 2019, Number, 5667
Total, Total, Salaj, Year 2020, Number, 6004
Total, Total, Salaj, Year 2021, Number, 6188
Total, Total, Salaj, Year 2022, Number, 6232
Total, Total, Salaj, Year 2023, Number, 6460
Total, Total, Salaj, Year 2024, Number, 6575
Total, Total, Alba, Year 2013, Number, 7321
Total, Total, Alba, Year 2014, Number, 7563
Total, Total, Alba, Year 2015, Number, 7730
Total, Total, Alba, Year 2016, Number, 7923
Total, Total, Alba, Year 2017, Number, 8161
Total, Total, Alba, Year 2018, Number, 8536
Total, Total, Alba, Year 2019, Number, 9110
Total, Total, Alba, Year 2020, Number, 9745
Total, Total, Alba, Year 2021, Number, 10221
Total, Total, Alba, Year 2022, Number, 10416
Total, Total, Alba, Year 2023, Number, 10996
Total, Total, Alba, Year 2024, Number, 11078
Total, Total, Brasov, Year 2013, Number, 17295
Total, Total, Brasov, Year 2014, Number, 17911
Total, Total, Brasov, Year 2015, Number, 18185
Total, Total, Brasov, Year 2016, Number, 18726
Total, Total, Brasov, Year 2017, Number, 19801
Total, Total, Brasov, Year 2018, Number, 20696
Total, Total, Brasov, Year 2019, Number, 21484
Total, Total, Brasov, Year 2020, Number, 22763
Total, Total, Brasov, Year 2021, Number, 23810
Total, Total, Brasov, Year 2022, Number, 24563
Total, Total, Brasov, Year 2023, Number, 26260
Total, Total, Brasov, Year 2024, Number, 26908
Total, Total, Covasna, Year 2013, Number, 3777
Total, Total, Covasna, Year 2014, Number, 3792
Total, Total, Covasna, Year 2015, Number, 3672
Total, Total, Covasna, Year 2016, Number, 3788
Total, Total, Covasna, Year 2017, Number, 3996
Total, Total, Covasna, Year 2018, Number, 4155
Total, Total, Covasna, Year 2019, Number, 4329
Total, Total, Covasna, Year 2020, Number, 4517
Total, Total, Covasna, Year 2021, Number, 4589
Total, Total, Covasna, Year 2022, Number, 4655
Total, Total, Covasna, Year 2023, Number, 4900
Total, Total, Covasna, Year 2024, Number, 4867
Total, Total, Harghita, Year 2013, Number, 7105
Total, Total, Harghita, Year 2014, Number, 7289
Total, Total, Harghita, Year 2015, Number, 7114
Total, Total, Harghita, Year 2016, Number, 7157
Total, Total, Harghita, Year 2017, Number, 7343
Total, Total, Harghita, Year 2018, Number, 7504
Total, Total, Harghita, Year 2019, Number, 7804
Total, Total, Harghita, Year 2020, Number, 7979
Total, Total, Harghita, Year 2021, Number, 8174
Total, Total, Harghita, Year 2022, Number, 8272
Total, Total, Harghita, Year 2023, Number, 8735
Total, Total, Harghita, Year 2024, Number, 8813
Total, Total, Mures, Year 2013, Number, 11838
Total, Total, Mures, Year 2014, Number, 12279
Total, Total, Mures, Year 2015, Number, 12486
Total, Total, Mures, Year 2016, Number, 13004
Total, Total, Mures, Year 2017, Number, 13630
Total, Total, Mures, Year 2018, Number, 14209
Total, Total, Mures, Year 2019, Number, 14711
Total, Total, Mures, Year 2020, Number, 15490
Total, Total, Mures, Year 2021, Number, 16062
Total, Total, Mures, Year 2022, Number, 16361
Total, Total, Mures, Year 2023, Number, 17284
Total, Total, Mures, Year 2024, Number, 17657
Total, Total, Sibiu, Year 2013, Number, 9909
Total, Total, Sibiu, Year 2014, Number, 10290
Total, Total, Sibiu, Year 2015, Number, 10399
Total, Total, Sibiu, Year 2016, Number, 10846
Total, Total, Sibiu, Year 2017, Number, 11412
Total, Total, Sibiu, Year 2018, Number, 11987
Total, Total, Sibiu, Year 2019, Number, 12642
Total, Total, Sibiu, Year 2020, Number, 13464
Total, Total, Sibiu, Year 2021, Number, 14286
Total, Total, Sibiu, Year 2022, Number, 14837
Total, Total, Sibiu, Year 2023, Number, 15930
Total, Total, Sibiu, Year 2024, Number, 16335
Total, Total, Bacau, Year 2013, Number, 10577
Total, Total, Bacau, Year 2014, Number, 10930
Total, Total, Bacau, Year 2015, Number, 10937
Total, Total, Bacau, Year 2016, Number, 11155
Total, Total, Bacau, Year 2017, Number, 11688
Total, Total, Bacau, Year 2018, Number, 12099
Total, Total, Bacau, Year 2019, Number, 12292
Total, Total, Bacau, Year 2020, Number, 13148
Total, Total, Bacau, Year 2021, Number, 13617
Total, Total, Bacau, Year 2022, Number, 14256
Total, Total, Bacau, Year 2023, Number, 14759
Total, Total, Bacau, Year 2024, Number, 15133
Total, Total, Botosani, Year 2013, Number, 3773
Total, Total, Botosani, Year 2014, Number, 3933
Total, Total, Botosani, Year 2015, Number, 4012
Total, Total, Botosani, Year 2016, Number, 4050
Total, Total, Botosani, Year 2017, Number, 4328
Total, Total, Botosani, Year 2018, Number, 4448
Total, Total, Botosani, Year 2019, Number, 4581
Total, Total, Botosani, Year 2020, Number, 5050
Total, Total, Botosani, Year 2021, Number, 5229
Total, Total, Botosani, Year 2022, Number, 5400
Total, Total, Botosani, Year 2023, Number, 5808
Total, Total, Botosani, Year 2024, Number, 5971
Total, Total, Iasi, Year 2013, Number, 14196
Total, Total, Iasi, Year 2014, Number, 14838
Total, Total, Iasi, Year 2015, Number, 15119
Total, Total, Iasi, Year 2016, Number, 15820
Total, Total, Iasi, Year 2017, Number, 17121
Total, Total, Iasi, Year 2018, Number, 18221
Total, Total, Iasi, Year 2019, Number, 18826
Total, Total, Iasi, Year 2020, Number, 20617
Total, Total, Iasi, Year 2021, Number, 21966
Total, Total, Iasi, Year 2022, Number, 23162
Total, Total, Iasi, Year 2023, Number, 25033
Total, Total, Iasi, Year 2024, Number, 25795
Total, Total, Neamt, Year 2013, Number, 8181
Total, Total, Neamt, Year 2014, Number, 8427
Total, Total, Neamt, Year 2015, Number, 8491
Total, Total, Neamt, Year 2016, Number, 8657
Total, Total, Neamt, Year 2017, Number, 8847
Total, Total, Neamt, Year 2018, Number, 9024
Total, Total, Neamt, Year 2019, Number, 9197
Total, Total, Neamt, Year 2020, Number, 9694
Total, Total, Neamt, Year 2021, Number, 10132
Total, Total, Neamt, Year 2022, Number, 10348
Total, Total, Neamt, Year 2023, Number, 10894
Total, Total, Neamt, Year 2024, Number, 11054
Total, Total, Suceava, Year 2013, Number, 10231
Total, Total, Suceava, Year 2014, Number, 10637
Total, Total, Suceava, Year 2015, Number, 10938
Total, Total, Suceava, Year 2016, Number, 11400
Total, Total, Suceava, Year 2017, Number, 12211
Total, Total, Suceava, Year 2018, Number, 12798
Total, Total, Suceava, Year 2019, Number, 13142
Total, Total, Suceava, Year 2020, Number, 14021
Total, Total, Suceava, Year 2021, Number, 14958
Total, Total, Suceava, Year 2022, Number, 15680
Total, Total, Suceava, Year 2023, Number, 16663
Total, Total, Suceava, Year 2024, Number, 17254
Total, Total, Vaslui, Year 2013, Number, 4437
Total, Total, Vaslui, Year 2014, Number, 4525
Total, Total, Vaslui, Year 2015, Number, 4635
Total, Total, Vaslui, Year 2016, Number, 4909
Total, Total, Vaslui, Year 2017, Number, 5248
Total, Total, Vaslui, Year 2018, Number, 5570
Total, Total, Vaslui, Year 2019, Number, 5666
Total, Total, Vaslui, Year 2020, Number, 6206
Total, Total, Vaslui, Year 2021, Number, 6480
Total, Total, Vaslui, Year 2022, Number, 6650
Total, Total, Vaslui, Year 2023, Number, 6987
Total, Total, Vaslui, Year 2024, Number, 6868
Total, Total, Braila, Year 2013, Number, 6102
Total, Total, Braila, Year 2014, Number, 6206
Total, Total, Braila, Year 2015, Number, 6195
Total, Total, Braila, Year 2016, Number, 6163
Total, Total, Braila, Year 2017, Number, 6347
Total, Total, Braila, Year 2018, Number, 6527
Total, Total, Braila, Year 2019, Number, 6668
Total, Total, Braila, Year 2020, Number, 6939
Total, Total, Braila, Year 2021, Number, 7176
Total, Total, Braila, Year 2022, Number, 7175
Total, Total, Braila, Year 2023, Number, 7277
Total, Total, Braila, Year 2024, Number, 7257
Total, Total, Buzau, Year 2013, Number, 8653
Total, Total, Buzau, Year 2014, Number, 8943
Total, Total, Buzau, Year 2015, Number, 8990
Total, Total, Buzau, Year 2016, Number, 9230
Total, Total, Buzau, Year 2017, Number, 9620
Total, Total, Buzau, Year 2018, Number, 9773
Total, Total, Buzau, Year 2019, Number, 9952
Total, Total, Buzau, Year 2020, Number, 10380
Total, Total, Buzau, Year 2021, Number, 10760
Total, Total, Buzau, Year 2022, Number, 10819
Total, Total, Buzau, Year 2023, Number, 11297
Total, Total, Buzau, Year 2024, Number, 11260
Total, Total, Constanta, Year 2013, Number, 20284
Total, Total, Constanta, Year 2014, Number, 20816
Total, Total, Constanta, Year 2015, Number, 20684
Total, Total, Constanta, Year 2016, Number, 20831
Total, Total, Constanta, Year 2017, Number, 21831
Total, Total, Constanta, Year 2018, Number, 22606
Total, Total, Constanta, Year 2019, Number, 23292
Total, Total, Constanta, Year 2020, Number, 24426
Total, Total, Constanta, Year 2021, Number, 25411
Total, Total, Constanta, Year 2022, Number, 25815
Total, Total, Constanta, Year 2023, Number, 27376
Total, Total, Constanta, Year 2024, Number, 27717
Total, Total, Galati, Year 2013, Number, 10975
Total, Total, Galati, Year 2014, Number, 11292
Total, Total, Galati, Year 2015, Number, 11456
Total, Total, Galati, Year 2016, Number, 11809
Total, Total, Galati, Year 2017, Number, 12133
Total, Total, Galati, Year 2018, Number, 12512
Total, Total, Galati, Year 2019, Number, 12624
Total, Total, Galati, Year 2020, Number, 13252
Total, Total, Galati, Year 2021, Number, 13609
Total, Total, Galati, Year 2022, Number, 13612
Total, Total, Galati, Year 2023, Number, 14248
Total, Total, Galati, Year 2024, Number, 14327
Total, Total, Tulcea, Year 2013, Number, 4381
Total, Total, Tulcea, Year 2014, Number, 4523
Total, Total, Tulcea, Year 2015, Number, 4516
Total, Total, Tulcea, Year 2016, Number, 4665
Total, Total, Tulcea, Year 2017, Number, 4731
Total, Total, Tulcea, Year 2018, Number, 4882
Total, Total, Tulcea, Year 2019, Number, 4899
Total, Total, Tulcea, Year 2020, Number, 5259
Total, Total, Tulcea, Year 2021, Number, 5530
Total, Total, Tulcea, Year 2022, Number, 5486
Total, Total, Tulcea, Year 2023, Number, 5765
Total, Total, Tulcea, Year 2024, Number, 5787
Total, Total, Vrancea, Year 2013, Number, 5897
Total, Total, Vrancea, Year 2014, Number, 6108
Total, Total, Vrancea, Year 2015, Number, 6186
Total, Total, Vrancea, Year 2016, Number, 6311
Total, Total, Vrancea, Year 2017, Number, 6627
Total, Total, Vrancea, Year 2018, Number, 6932
Total, Total, Vrancea, Year 2019, Number, 7083
Total, Total, Vrancea, Year 2020, Number, 7531
Total, Total, Vrancea, Year 2021, Number, 7951
Total, Total, Vrancea, Year 2022, Number, 8076
Total, Total, Vrancea, Year 2023, Number, 8396
Total, Total, Vrancea, Year 2024, Number, 8408
Total, Total, Arges, Year 2013, Number, 13342
Total, Total, Arges, Year 2014, Number, 14040
Total, Total, Arges, Year 2015, Number, 14415
Total, Total, Arges, Year 2016, Number, 14978
Total, Total, Arges, Year 2017, Number, 16066
Total, Total, Arges, Year 2018, Number, 16922
Total, Total, Arges, Year 2019, Number, 17511
Total, Total, Arges, Year 2020, Number, 18486
Total, Total, Arges, Year 2021, Number, 19226
Total, Total, Arges, Year 2022, Number, 19663
Total, Total, Arges, Year 2023, Number, 20753
Total, Total, Arges, Year 2024, Number, 20947
Total, Total, Calarasi, Year 2013, Number, 4315
Total, Total, Calarasi, Year 2014, Number, 4370
Total, Total, Calarasi, Year 2015, Number, 4511
Total, Total, Calarasi, Year 2016, Number, 4576
Total, Total, Calarasi, Year 2017, Number, 4722
Total, Total, Calarasi, Year 2018, Number, 4970
Total, Total, Calarasi, Year 2019, Number, 5093
Total, Total, Calarasi, Year 2020, Number, 5349
Total, Total, Calarasi, Year 2021, Number, 5591
Total, Total, Calarasi, Year 2022, Number, 5610
Total, Total, Calarasi, Year 2023, Number, 5941
Total, Total, Calarasi, Year 2024, Number, 5999
Total, Total, Dambovita, Year 2013, Number, 6455
Total, Total, Dambovita, Year 2014, Number, 6728
Total, Total, Dambovita, Year 2015, Number, 6945
Total, Total, Dambovita, Year 2016, Number, 7257
Total, Total, Dambovita, Year 2017, Number, 7823
Total, Total, Dambovita, Year 2018, Number, 8300
Total, Total, Dambovita, Year 2019, Number, 8899
Total, Total, Dambovita, Year 2020, Number, 9550
Total, Total, Dambovita, Year 2021, Number, 10093
Total, Total, Dambovita, Year 2022, Number, 10487
Total, Total, Dambovita, Year 2023, Number, 11089
Total, Total, Dambovita, Year 2024, Number, 11311
Total, Total, Giurgiu, Year 2013, Number, 4038
Total, Total, Giurgiu, Year 2014, Number, 4296
Total, Total, Giurgiu, Year 2015, Number, 4450
Total, Total, Giurgiu, Year 2016, Number, 4473
Total, Total, Giurgiu, Year 2017, Number, 4740
Total, Total, Giurgiu, Year 2018, Number, 4939
Total, Total, Giurgiu, Year 2019, Number, 5324
Total, Total, Giurgiu, Year 2020, Number, 5837
Total, Total, Giurgiu, Year 2021, Number, 6354
Total, Total, Giurgiu, Year 2022, Number, 6378
Total, Total, Giurgiu, Year 2023, Number, 6766
Total, Total, Giurgiu, Year 2024, Number, 6817
Total, Total, Ialomita, Year 2013, Number, 3914
Total, Total, Ialomita, Year 2014, Number, 4019
Total, Total, Ialomita, Year 2015, Number, 4067
Total, Total, Ialomita, Year 2016, Number, 4185
Total, Total, Ialomita, Year 2017, Number, 4307
Total, Total, Ialomita, Year 2018, Number, 4530
Total, Total, Ialomita, Year 2019, Number, 4714
Total, Total, Ialomita, Year 2020, Number, 4913
Total, Total, Ialomita, Year 2021, Number, 5152
Total, Total, Ialomita, Year 2022, Number, 5223
Total, Total, Ialomita, Year 2023, Number, 5386
Total, Total, Ialomita, Year 2024, Number, 5392
Total, Total, Prahova, Year 2013, Number, 15833
Total, Total, Prahova, Year 2014, Number, 16260
Total, Total, Prahova, Year 2015, Number, 16239
Total, Total, Prahova, Year 2016, Number, 16621
Total, Total, Prahova, Year 2017, Number, 17399
Total, Total, Prahova, Year 2018, Number, 18292
Total, Total, Prahova, Year 2019, Number, 19163
Total, Total, Prahova, Year 2020, Number, 20166
Total, Total, Prahova, Year 2021, Number, 21078
Total, Total, Prahova, Year 2022, Number, 21595
Total, Total, Prahova, Year 2023, Number, 22425
Total, Total, Prahova, Year 2024, Number, 22775
Total, Total, Teleorman, Year 2013, Number, 4993
Total, Total, Teleorman, Year 2014, Number, 5051
Total, Total, Teleorman, Year 2015, Number, 4993
Total, Total, Teleorman, Year 2016, Number, 4993
Total, Total, Teleorman, Year 2017, Number, 5219
Total, Total, Teleorman, Year 2018, Number, 5309
Total, Total, Teleorman, Year 2019, Number, 5495
Total, Total, Teleorman, Year 2020, Number, 5798
Total, Total, Teleorman, Year 2021, Number, 6128
Total, Total, Teleorman, Year 2022, Number, 6292
Total, Total, Teleorman, Year 2023, Number, 6567
Total, Total, Teleorman, Year 2024, Number, 6668
Total, Total, Ilfov, Year 2013, Number, 15601
Total, Total, Ilfov, Year 2014, Number, 17490
Total, Total, Ilfov, Year 2015, Number, 19363
Total, Total, Ilfov, Year 2016, Number, 21001
Total, Total, Ilfov, Year 2017, Number, 23356
Total, Total, Ilfov, Year 2018, Number, 25515
Total, Total, Ilfov, Year 2019, Number, 26642
Total, Total, Ilfov, Year 2020, Number, 29132
Total, Total, Ilfov, Year 2021, Number, 32168
Total, Total, Ilfov, Year 2022, Number, 34409
Total, Total, Ilfov, Year 2023, Number, 37399
Total, Total, Ilfov, Year 2024, Number, 39581
Total, Total, Bucharest Municipality, Year 2013, Number, 103218
Total, Total, Bucharest Municipality, Year 2014, Number, 109064
Total, Total, Bucharest Municipality, Year 2015, Number, 109455
Total, Total, Bucharest Municipality, Year 2016, Number, 110926
Total, Total, Bucharest Municipality, Year 2017, Number, 113977
Total, Total, Bucharest Municipality, Year 2018, Number, 116603
Total, Total, Bucharest Municipality, Year 2019, Number, 115872
Total, Total, Bucharest Municipality, Year 2020, Number, 119798
Total, Total, Bucharest Municipality, Year 2021, Number, 124399
Total, Total, Bucharest Municipality, Year 2022, Number, 127621
Total, Total, Bucharest Municipality, Year 2023, Number, 134356
Total, Total, Bucharest Municipality, Year 2024, Number, 136882
Total, Total, Dolj, Year 2013, Number, 13400
Total, Total, Dolj, Year 2014, Number, 13979
Total, Total, Dolj, Year 2015, Number, 14014
Total, Total, Dolj, Year 2016, Number, 14226
Total, Total, Dolj, Year 2017, Number, 14788
Total, Total, Dolj, Year 2018, Number, 15234
Total, Total, Dolj, Year 2019, Number, 15885
Total, Total, Dolj, Year 2020, Number, 16911
Total, Total, Dolj, Year 2021, Number, 17498
Total, Total, Dolj, Year 2022, Number, 17598
Total, Total, Dolj, Year 2023, Number, 19145
Total, Total, Dolj, Year 2024, Number, 19256
Total, Total, Gorj, Year 2013, Number, 5776
Total, Total, Gorj, Year 2014, Number, 5921
Total, Total, Gorj, Year 2015, Number, 5932
Total, Total, Gorj, Year 2016, Number, 6085
Total, Total, Gorj, Year 2017, Number, 6525
Total, Total, Gorj, Year 2018, Number, 6784
Total, Total, Gorj, Year 2019, Number, 7224
Total, Total, Gorj, Year 2020, Number, 7663
Total, Total, Gorj, Year 2021, Number, 8045
Total, Total, Gorj, Year 2022, Number, 8280
Total, Total, Gorj, Year 2023, Number, 8678
Total, Total, Gorj, Year 2024, Number, 9013
Total, Total, Mehedinti, Year 2013, Number, 3278
Total, Total, Mehedinti, Year 2014, Number, 3314
Total, Total, Mehedinti, Year 2015, Number, 3260
Total, Total, Mehedinti, Year 2016, Number, 3261
Total, Total, Mehedinti, Year 2017, Number, 3403
Total, Total, Mehedinti, Year 2018, Number, 3489
Total, Total, Mehedinti, Year 2019, Number, 3589
Total, Total, Mehedinti, Year 2020, Number, 3841
Total, Total, Mehedinti, Year 2021, Number, 3945
Total, Total, Mehedinti, Year 2022, Number, 4055
Total, Total, Mehedinti, Year 2023, Number, 4351
Total, Total, Mehedinti, Year 2024, Number, 4622
Total, Total, Olt, Year 2013, Number, 6160
Total, Total, Olt, Year 2014, Number, 6342
Total, Total, Olt, Year 2015, Number, 6472
Total, Total, Olt, Year 2016, Number, 6622
Total, Total, Olt, Year 2017, Number, 6914
Total, Total, Olt, Year 2018, Number, 7236
Total, Total, Olt, Year 2019, Number, 7555
Total, Total, Olt, Year 2020, Number, 7870
Total, Total, Olt, Year 2021, Number, 8262
Total, Total, Olt, Year 2022, Number, 8299
Total, Total, Olt, Year 2023, Number, 8650
Total, Total, Olt, Year 2024, Number, 8691
Total, Total, Valcea, Year 2013, Number, 6746
Total, Total, Valcea, Year 2014, Number, 6960
Total, Total, Valcea, Year 2015, Number, 7016
Total, Total, Valcea, Year 2016, Number, 7211
Total, Total, Valcea, Year 2017, Number, 7562
Total, Total, Valcea, Year 2018, Number, 7880
Total, Total, Valcea, Year 2019, Number, 8222
Total, Total, Valcea, Year 2020, Number, 8744
Total, Total, Valcea, Year 2021, Number, 9119
Total, Total, Valcea, Year 2022, Number, 9413
Total, Total, Valcea, Year 2023, Number, 9814
Total, Total, Valcea, Year 2024, Number, 9925
Total, Total, Arad, Year 2013, Number, 10511
Total, Total, Arad, Year 2014, Number, 10972
Total, Total, Arad, Year 2015, Number, 11097
Total, Total, Arad, Year 2016, Number, 11384
Total, Total, Arad, Year 2017, Number, 11998
Total, Total, Arad, Year 2018, Number, 12548
Total, Total, Arad, Year 2019, Number, 12986
Total, Total, Arad, Year 2020, Number, 13568
Total, Total, Arad, Year 2021, Number, 14173
Total, Total, Arad, Year 2022, Number, 14466
Total, Total, Arad, Year 2023, Number, 15117
Total, Total, Arad, Year 2024, Number, 15229
Total, Total, Caras-Severin, Year 2013, Number, 4588
Total, Total, Caras-Severin, Year 2014, Number, 4749
Total, Total, Caras-Severin, Year 2015, Number, 4690
Total, Total, Caras-Severin, Year 2016, Number, 4640
Total, Total, Caras-Severin, Year 2017, Number, 4792
Total, Total, Caras-Severin, Year 2018, Number, 4877
Total, Total, Caras-Severin, Year 2019, Number, 4865
Total, Total, Caras-Severin, Year 2020, Number, 5092
Total, Total, Caras-Severin, Year 2021, Number, 5160
Total, Total, Caras-Severin, Year 2022, Number, 5228
Total, Total, Caras-Severin, Year 2023, Number, 5492
Total, Total, Caras-Severin, Year 2024, Number, 5467
Total, Total, Hunedoara, Year 2013, Number, 8502
Total, Total, Hunedoara, Year 2014, Number, 8755
Total, Total, Hunedoara, Year 2015, Number, 8659
Total, Total, Hunedoara, Year 2016, Number, 8696
Total, Total, Hunedoara, Year 2017, Number, 8932
Total, Total, Hunedoara, Year 2018, Number, 9196
Total, Total, Hunedoara, Year 2019, Number, 9497
Total, Total, Hunedoara, Year 2020, Number, 10020
Total, Total, Hunedoara, Year 2021, Number, 10406
Total, Total, Hunedoara, Year 2022, Number, 10577
Total, Total, Hunedoara, Year 2023, Number, 11011
Total, Total, Hunedoara, Year 2024, Number, 11140
Total, Total, Timis, Year 2013, Number, 21275
Total, Total, Timis, Year 2014, Number, 22384
Total, Total, Timis, Year 2015, Number, 22667
Total, Total, Timis, Year 2016, Number, 23231
Total, Total, Timis, Year 2017, Number, 24387
Total, Total, Timis, Year 2018, Number, 25595
Total, Total, Timis, Year 2019, Number, 26356
Total, Total, Timis, Year 2020, Number, 27850
Total, Total, Timis, Year 2021, Number, 29249
Total, Total, Timis, Year 2022, Number, 30195
Total, Total, Timis, Year 2023, Number, 32082
Total, Total, Timis, Year 2024, Number, 32597
