Age group and ages, Sex, Urban and rural areas, Macroregions  development regions and counties, Years, MU: Persons, Valoare
Total, Total, Total, Bihor, Year 2013, Number of persons, 4403
Total, Total, Total, Bihor, Year 2014, Number of persons, 3898
Total, Total, Total, Bihor, Year 2015, Number of persons, 3805
Total, Total, Total, Bihor, Year 2016, Number of persons, 3939
Total, Total, Total, Bihor, Year 2017, Number of persons, 5085
Total, Total, Total, Bihor, Year 2018, Number of persons, 4946
Total, Total, Total, Bihor, Year 2019, Number of persons, 5801
Total, Total, Total, Bihor, Year 2020, Number of persons, 4170
Total, Total, Total, Bihor, Year 2021, Number of persons, 5578
Total, Total, Total, Bihor, Year 2022, Number of persons, 8397
Total, Total, Total, Bihor, Year 2023, Number of persons, 9273
Total, Total, Total, Bihor, Year 2024, Number of persons, 8199
Total, Total, Total, Bistrita-Nasaud, Year 2013, Number of persons, 2167
Total, Total, Total, Bistrita-Nasaud, Year 2014, Number of persons, 1919
Total, Total, Total, Bistrita-Nasaud, Year 2015, Number of persons, 1873
Total, Total, Total, Bistrita-Nasaud, Year 2016, Number of persons, 1939
Total, Total, Total, Bistrita-Nasaud, Year 2017, Number of persons, 2503
Total, Total, Total, Bistrita-Nasaud, Year 2018, Number of persons, 2434
Total, Total, Total, Bistrita-Nasaud, Year 2019, Number of persons, 2855
Total, Total, Total, Bistrita-Nasaud, Year 2020, Number of persons, 2052
Total, Total, Total, Bistrita-Nasaud, Year 2021, Number of persons, 2745
Total, Total, Total, Bistrita-Nasaud, Year 2022, Number of persons, 4132
Total, Total, Total, Bistrita-Nasaud, Year 2023, Number of persons, 4675
Total, Total, Total, Bistrita-Nasaud, Year 2024, Number of persons, 4133
Total, Total, Total, Cluj, Year 2013, Number of persons, 5525
Total, Total, Total, Cluj, Year 2014, Number of persons, 4892
Total, Total, Total, Cluj, Year 2015, Number of persons, 4775
Total, Total, Total, Cluj, Year 2016, Number of persons, 4943
Total, Total, Total, Cluj, Year 2017, Number of persons, 6381
Total, Total, Total, Cluj, Year 2018, Number of persons, 6206
Total, Total, Total, Cluj, Year 2019, Number of persons, 7279
Total, Total, Total, Cluj, Year 2020, Number of persons, 5233
Total, Total, Total, Cluj, Year 2021, Number of persons, 7000
Total, Total, Total, Cluj, Year 2022, Number of persons, 10538
Total, Total, Total, Cluj, Year 2023, Number of persons, 11036
Total, Total, Total, Cluj, Year 2024, Number of persons, 9757
Total, Total, Total, Maramures, Year 2013, Number of persons, 3918
Total, Total, Total, Maramures, Year 2014, Number of persons, 3469
Total, Total, Total, Maramures, Year 2015, Number of persons, 3386
Total, Total, Total, Maramures, Year 2016, Number of persons, 3505
Total, Total, Total, Maramures, Year 2017, Number of persons, 4524
Total, Total, Total, Maramures, Year 2018, Number of persons, 4400
Total, Total, Total, Maramures, Year 2019, Number of persons, 5161
Total, Total, Total, Maramures, Year 2020, Number of persons, 3710
Total, Total, Total, Maramures, Year 2021, Number of persons, 4962
Total, Total, Total, Maramures, Year 2022, Number of persons, 7470
Total, Total, Total, Maramures, Year 2023, Number of persons, 7848
Total, Total, Total, Maramures, Year 2024, Number of persons, 6939
Total, Total, Total, Satu Mare, Year 2013, Number of persons, 2765
Total, Total, Total, Satu Mare, Year 2014, Number of persons, 2448
Total, Total, Total, Satu Mare, Year 2015, Number of persons, 2390
Total, Total, Total, Satu Mare, Year 2016, Number of persons, 2474
Total, Total, Total, Satu Mare, Year 2017, Number of persons, 3194
Total, Total, Total, Satu Mare, Year 2018, Number of persons, 3107
Total, Total, Total, Satu Mare, Year 2019, Number of persons, 3644
Total, Total, Total, Satu Mare, Year 2020, Number of persons, 2620
Total, Total, Total, Satu Mare, Year 2021, Number of persons, 3504
Total, Total, Total, Satu Mare, Year 2022, Number of persons, 5275
Total, Total, Total, Satu Mare, Year 2023, Number of persons, 5726
Total, Total, Total, Satu Mare, Year 2024, Number of persons, 5063
Total, Total, Total, Salaj, Year 2013, Number of persons, 1619
Total, Total, Total, Salaj, Year 2014, Number of persons, 1433
Total, Total, Total, Salaj, Year 2015, Number of persons, 1399
Total, Total, Total, Salaj, Year 2016, Number of persons, 1448
Total, Total, Total, Salaj, Year 2017, Number of persons, 1869
Total, Total, Total, Salaj, Year 2018, Number of persons, 1818
Total, Total, Total, Salaj, Year 2019, Number of persons, 2132
Total, Total, Total, Salaj, Year 2020, Number of persons, 1533
Total, Total, Total, Salaj, Year 2021, Number of persons, 2050
Total, Total, Total, Salaj, Year 2022, Number of persons, 3086
Total, Total, Total, Salaj, Year 2023, Number of persons, 3589
Total, Total, Total, Salaj, Year 2024, Number of persons, 3173
Total, Total, Total, Alba, Year 2013, Number of persons, 2714
Total, Total, Total, Alba, Year 2014, Number of persons, 2403
Total, Total, Total, Alba, Year 2015, Number of persons, 2346
Total, Total, Total, Alba, Year 2016, Number of persons, 2428
Total, Total, Total, Alba, Year 2017, Number of persons, 3134
Total, Total, Total, Alba, Year 2018, Number of persons, 3048
Total, Total, Total, Alba, Year 2019, Number of persons, 3575
Total, Total, Total, Alba, Year 2020, Number of persons, 2570
Total, Total, Total, Alba, Year 2021, Number of persons, 3438
Total, Total, Total, Alba, Year 2022, Number of persons, 5176
Total, Total, Total, Alba, Year 2023, Number of persons, 5539
Total, Total, Total, Alba, Year 2024, Number of persons, 4897
Total, Total, Total, Brasov, Year 2013, Number of persons, 4338
Total, Total, Total, Brasov, Year 2014, Number of persons, 3841
Total, Total, Total, Brasov, Year 2015, Number of persons, 3750
Total, Total, Total, Brasov, Year 2016, Number of persons, 3882
Total, Total, Total, Brasov, Year 2017, Number of persons, 5011
Total, Total, Total, Brasov, Year 2018, Number of persons, 4874
Total, Total, Total, Brasov, Year 2019, Number of persons, 5717
Total, Total, Total, Brasov, Year 2020, Number of persons, 4110
Total, Total, Total, Brasov, Year 2021, Number of persons, 5497
Total, Total, Total, Brasov, Year 2022, Number of persons, 8275
Total, Total, Total, Brasov, Year 2023, Number of persons, 8673
Total, Total, Total, Brasov, Year 2024, Number of persons, 7668
Total, Total, Total, Covasna, Year 2013, Number of persons, 1671
Total, Total, Total, Covasna, Year 2014, Number of persons, 1479
Total, Total, Total, Covasna, Year 2015, Number of persons, 1444
Total, Total, Total, Covasna, Year 2016, Number of persons, 1495
Total, Total, Total, Covasna, Year 2017, Number of persons, 1930
Total, Total, Total, Covasna, Year 2018, Number of persons, 1877
Total, Total, Total, Covasna, Year 2019, Number of persons, 2202
Total, Total, Total, Covasna, Year 2020, Number of persons, 1583
Total, Total, Total, Covasna, Year 2021, Number of persons, 2117
Total, Total, Total, Covasna, Year 2022, Number of persons, 3187
Total, Total, Total, Covasna, Year 2023, Number of persons, 3502
Total, Total, Total, Covasna, Year 2024, Number of persons, 3096
Total, Total, Total, Harghita, Year 2013, Number of persons, 2557
Total, Total, Total, Harghita, Year 2014, Number of persons, 2264
Total, Total, Total, Harghita, Year 2015, Number of persons, 2210
Total, Total, Total, Harghita, Year 2016, Number of persons, 2288
Total, Total, Total, Harghita, Year 2017, Number of persons, 2953
Total, Total, Total, Harghita, Year 2018, Number of persons, 2872
Total, Total, Total, Harghita, Year 2019, Number of persons, 3369
Total, Total, Total, Harghita, Year 2020, Number of persons, 2422
Total, Total, Total, Harghita, Year 2021, Number of persons, 3240
Total, Total, Total, Harghita, Year 2022, Number of persons, 4878
Total, Total, Total, Harghita, Year 2023, Number of persons, 5248
Total, Total, Total, Harghita, Year 2024, Number of persons, 4640
Total, Total, Total, Mures, Year 2013, Number of persons, 4407
Total, Total, Total, Mures, Year 2014, Number of persons, 3902
Total, Total, Total, Mures, Year 2015, Number of persons, 3809
Total, Total, Total, Mures, Year 2016, Number of persons, 3943
Total, Total, Total, Mures, Year 2017, Number of persons, 5090
Total, Total, Total, Mures, Year 2018, Number of persons, 4951
Total, Total, Total, Mures, Year 2019, Number of persons, 5807
Total, Total, Total, Mures, Year 2020, Number of persons, 4175
Total, Total, Total, Mures, Year 2021, Number of persons, 5584
Total, Total, Total, Mures, Year 2022, Number of persons, 8406
Total, Total, Total, Mures, Year 2023, Number of persons, 9154
Total, Total, Total, Mures, Year 2024, Number of persons, 8093
Total, Total, Total, Sibiu, Year 2013, Number of persons, 3069
Total, Total, Total, Sibiu, Year 2014, Number of persons, 2717
Total, Total, Total, Sibiu, Year 2015, Number of persons, 2652
Total, Total, Total, Sibiu, Year 2016, Number of persons, 2745
Total, Total, Total, Sibiu, Year 2017, Number of persons, 3543
Total, Total, Total, Sibiu, Year 2018, Number of persons, 3446
Total, Total, Total, Sibiu, Year 2019, Number of persons, 4042
Total, Total, Total, Sibiu, Year 2020, Number of persons, 2906
Total, Total, Total, Sibiu, Year 2021, Number of persons, 3887
Total, Total, Total, Sibiu, Year 2022, Number of persons, 5852
Total, Total, Total, Sibiu, Year 2023, Number of persons, 6300
Total, Total, Total, Sibiu, Year 2024, Number of persons, 5570
Total, Total, Total, Bacau, Year 2013, Number of persons, 4573
Total, Total, Total, Bacau, Year 2014, Number of persons, 4049
Total, Total, Total, Bacau, Year 2015, Number of persons, 3953
Total, Total, Total, Bacau, Year 2016, Number of persons, 4092
Total, Total, Total, Bacau, Year 2017, Number of persons, 5282
Total, Total, Total, Bacau, Year 2018, Number of persons, 5137
Total, Total, Total, Bacau, Year 2019, Number of persons, 6025
Total, Total, Total, Bacau, Year 2020, Number of persons, 4331
Total, Total, Total, Bacau, Year 2021, Number of persons, 5793
Total, Total, Total, Bacau, Year 2022, Number of persons, 8721
Total, Total, Total, Bacau, Year 2023, Number of persons, 9919
Total, Total, Total, Bacau, Year 2024, Number of persons, 8770
Total, Total, Total, Botosani, Year 2013, Number of persons, 2855
Total, Total, Total, Botosani, Year 2014, Number of persons, 2528
Total, Total, Total, Botosani, Year 2015, Number of persons, 2468
Total, Total, Total, Botosani, Year 2016, Number of persons, 2555
Total, Total, Total, Botosani, Year 2017, Number of persons, 3298
Total, Total, Total, Botosani, Year 2018, Number of persons, 3208
Total, Total, Total, Botosani, Year 2019, Number of persons, 3763
Total, Total, Total, Botosani, Year 2020, Number of persons, 2705
Total, Total, Total, Botosani, Year 2021, Number of persons, 3618
Total, Total, Total, Botosani, Year 2022, Number of persons, 5447
Total, Total, Total, Botosani, Year 2023, Number of persons, 6583
Total, Total, Total, Botosani, Year 2024, Number of persons, 5820
Total, Total, Total, Iasi, Year 2013, Number of persons, 5825
Total, Total, Total, Iasi, Year 2014, Number of persons, 5157
Total, Total, Total, Iasi, Year 2015, Number of persons, 5034
Total, Total, Total, Iasi, Year 2016, Number of persons, 5211
Total, Total, Total, Iasi, Year 2017, Number of persons, 6727
Total, Total, Total, Iasi, Year 2018, Number of persons, 6543
Total, Total, Total, Iasi, Year 2019, Number of persons, 7674
Total, Total, Total, Iasi, Year 2020, Number of persons, 5517
Total, Total, Total, Iasi, Year 2021, Number of persons, 7379
Total, Total, Total, Iasi, Year 2022, Number of persons, 11109
Total, Total, Total, Iasi, Year 2023, Number of persons, 12293
Total, Total, Total, Iasi, Year 2024, Number of persons, 10869
Total, Total, Total, Neamt, Year 2013, Number of persons, 3720
Total, Total, Total, Neamt, Year 2014, Number of persons, 3294
Total, Total, Total, Neamt, Year 2015, Number of persons, 3216
Total, Total, Total, Neamt, Year 2016, Number of persons, 3329
Total, Total, Total, Neamt, Year 2017, Number of persons, 4297
Total, Total, Total, Neamt, Year 2018, Number of persons, 4179
Total, Total, Total, Neamt, Year 2019, Number of persons, 4902
Total, Total, Total, Neamt, Year 2020, Number of persons, 3524
Total, Total, Total, Neamt, Year 2021, Number of persons, 4714
Total, Total, Total, Neamt, Year 2022, Number of persons, 7097
Total, Total, Total, Neamt, Year 2023, Number of persons, 7897
Total, Total, Total, Neamt, Year 2024, Number of persons, 6982
Total, Total, Total, Suceava, Year 2013, Number of persons, 4685
Total, Total, Total, Suceava, Year 2014, Number of persons, 4148
Total, Total, Total, Suceava, Year 2015, Number of persons, 4049
Total, Total, Total, Suceava, Year 2016, Number of persons, 4191
Total, Total, Total, Suceava, Year 2017, Number of persons, 5410
Total, Total, Total, Suceava, Year 2018, Number of persons, 5262
Total, Total, Total, Suceava, Year 2019, Number of persons, 6171
Total, Total, Total, Suceava, Year 2020, Number of persons, 4435
Total, Total, Total, Suceava, Year 2021, Number of persons, 5932
Total, Total, Total, Suceava, Year 2022, Number of persons, 8930
Total, Total, Total, Suceava, Year 2023, Number of persons, 10226
Total, Total, Total, Suceava, Year 2024, Number of persons, 9041
Total, Total, Total, Vaslui, Year 2013, Number of persons, 2847
Total, Total, Total, Vaslui, Year 2014, Number of persons, 2521
Total, Total, Total, Vaslui, Year 2015, Number of persons, 2461
Total, Total, Total, Vaslui, Year 2016, Number of persons, 2547
Total, Total, Total, Vaslui, Year 2017, Number of persons, 3288
Total, Total, Total, Vaslui, Year 2018, Number of persons, 3198
Total, Total, Total, Vaslui, Year 2019, Number of persons, 3751
Total, Total, Total, Vaslui, Year 2020, Number of persons, 2697
Total, Total, Total, Vaslui, Year 2021, Number of persons, 3607
Total, Total, Total, Vaslui, Year 2022, Number of persons, 5430
Total, Total, Total, Vaslui, Year 2023, Number of persons, 6422
Total, Total, Total, Vaslui, Year 2024, Number of persons, 5678
Total, Total, Total, Braila, Year 2013, Number of persons, 2269
Total, Total, Total, Braila, Year 2014, Number of persons, 2009
Total, Total, Total, Braila, Year 2015, Number of persons, 1961
Total, Total, Total, Braila, Year 2016, Number of persons, 2030
Total, Total, Total, Braila, Year 2017, Number of persons, 2620
Total, Total, Total, Braila, Year 2018, Number of persons, 2548
Total, Total, Total, Braila, Year 2019, Number of persons, 2989
Total, Total, Total, Braila, Year 2020, Number of persons, 2149
Total, Total, Total, Braila, Year 2021, Number of persons, 2874
Total, Total, Total, Braila, Year 2022, Number of persons, 4327
Total, Total, Total, Braila, Year 2023, Number of persons, 5041
Total, Total, Total, Braila, Year 2024, Number of persons, 4457
Total, Total, Total, Buzau, Year 2013, Number of persons, 3294
Total, Total, Total, Buzau, Year 2014, Number of persons, 2916
Total, Total, Total, Buzau, Year 2015, Number of persons, 2847
Total, Total, Total, Buzau, Year 2016, Number of persons, 2947
Total, Total, Total, Buzau, Year 2017, Number of persons, 3804
Total, Total, Total, Buzau, Year 2018, Number of persons, 3700
Total, Total, Total, Buzau, Year 2019, Number of persons, 4340
Total, Total, Total, Buzau, Year 2020, Number of persons, 3120
Total, Total, Total, Buzau, Year 2021, Number of persons, 4173
Total, Total, Total, Buzau, Year 2022, Number of persons, 6282
Total, Total, Total, Buzau, Year 2023, Number of persons, 7383
Total, Total, Total, Buzau, Year 2024, Number of persons, 6528
Total, Total, Total, Constanta, Year 2013, Number of persons, 6004
Total, Total, Total, Constanta, Year 2014, Number of persons, 5316
Total, Total, Total, Constanta, Year 2015, Number of persons, 5189
Total, Total, Total, Constanta, Year 2016, Number of persons, 5371
Total, Total, Total, Constanta, Year 2017, Number of persons, 6933
Total, Total, Total, Constanta, Year 2018, Number of persons, 6743
Total, Total, Total, Constanta, Year 2019, Number of persons, 7909
Total, Total, Total, Constanta, Year 2020, Number of persons, 5686
Total, Total, Total, Constanta, Year 2021, Number of persons, 7605
Total, Total, Total, Constanta, Year 2022, Number of persons, 11449
Total, Total, Total, Constanta, Year 2023, Number of persons, 11393
Total, Total, Total, Constanta, Year 2024, Number of persons, 10073
Total, Total, Total, Galati, Year 2013, Number of persons, 4067
Total, Total, Total, Galati, Year 2014, Number of persons, 3601
Total, Total, Total, Galati, Year 2015, Number of persons, 3515
Total, Total, Total, Galati, Year 2016, Number of persons, 3638
Total, Total, Total, Galati, Year 2017, Number of persons, 4696
Total, Total, Total, Galati, Year 2018, Number of persons, 4567
Total, Total, Total, Galati, Year 2019, Number of persons, 5357
Total, Total, Total, Galati, Year 2020, Number of persons, 3851
Total, Total, Total, Galati, Year 2021, Number of persons, 5151
Total, Total, Total, Galati, Year 2022, Number of persons, 7755
Total, Total, Total, Galati, Year 2023, Number of persons, 8592
Total, Total, Total, Galati, Year 2024, Number of persons, 7596
Total, Total, Total, Tulcea, Year 2013, Number of persons, 1732
Total, Total, Total, Tulcea, Year 2014, Number of persons, 1533
Total, Total, Total, Tulcea, Year 2015, Number of persons, 1496
Total, Total, Total, Tulcea, Year 2016, Number of persons, 1548
Total, Total, Total, Tulcea, Year 2017, Number of persons, 1998
Total, Total, Total, Tulcea, Year 2018, Number of persons, 1943
Total, Total, Total, Tulcea, Year 2019, Number of persons, 2279
Total, Total, Total, Tulcea, Year 2020, Number of persons, 1638
Total, Total, Total, Tulcea, Year 2021, Number of persons, 2191
Total, Total, Total, Tulcea, Year 2022, Number of persons, 3298
Total, Total, Total, Tulcea, Year 2023, Number of persons, 3559
Total, Total, Total, Tulcea, Year 2024, Number of persons, 3147
Total, Total, Total, Vrancea, Year 2013, Number of persons, 2548
Total, Total, Total, Vrancea, Year 2014, Number of persons, 2256
Total, Total, Total, Vrancea, Year 2015, Number of persons, 2202
Total, Total, Total, Vrancea, Year 2016, Number of persons, 2279
Total, Total, Total, Vrancea, Year 2017, Number of persons, 2942
Total, Total, Total, Vrancea, Year 2018, Number of persons, 2861
Total, Total, Total, Vrancea, Year 2019, Number of persons, 3356
Total, Total, Total, Vrancea, Year 2020, Number of persons, 2412
Total, Total, Total, Vrancea, Year 2021, Number of persons, 3226
Total, Total, Total, Vrancea, Year 2022, Number of persons, 4857
Total, Total, Total, Vrancea, Year 2023, Number of persons, 5694
Total, Total, Total, Vrancea, Year 2024, Number of persons, 5034
Total, Total, Total, Arges, Year 2013, Number of persons, 4534
Total, Total, Total, Arges, Year 2014, Number of persons, 4014
Total, Total, Total, Arges, Year 2015, Number of persons, 3918
Total, Total, Total, Arges, Year 2016, Number of persons, 4055
Total, Total, Total, Arges, Year 2017, Number of persons, 5234
Total, Total, Total, Arges, Year 2018, Number of persons, 5091
Total, Total, Total, Arges, Year 2019, Number of persons, 5971
Total, Total, Total, Arges, Year 2020, Number of persons, 4292
Total, Total, Total, Arges, Year 2021, Number of persons, 5741
Total, Total, Total, Arges, Year 2022, Number of persons, 8643
Total, Total, Total, Arges, Year 2023, Number of persons, 9633
Total, Total, Total, Arges, Year 2024, Number of persons, 8517
Total, Total, Total, Calarasi, Year 2013, Number of persons, 2300
Total, Total, Total, Calarasi, Year 2014, Number of persons, 2036
Total, Total, Total, Calarasi, Year 2015, Number of persons, 1988
Total, Total, Total, Calarasi, Year 2016, Number of persons, 2058
Total, Total, Total, Calarasi, Year 2017, Number of persons, 2657
Total, Total, Total, Calarasi, Year 2018, Number of persons, 2584
Total, Total, Total, Calarasi, Year 2019, Number of persons, 3031
Total, Total, Total, Calarasi, Year 2020, Number of persons, 2179
Total, Total, Total, Calarasi, Year 2021, Number of persons, 2915
Total, Total, Total, Calarasi, Year 2022, Number of persons, 4388
Total, Total, Total, Calarasi, Year 2023, Number of persons, 5157
Total, Total, Total, Calarasi, Year 2024, Number of persons, 4559
Total, Total, Total, Dambovita, Year 2013, Number of persons, 3776
Total, Total, Total, Dambovita, Year 2014, Number of persons, 3343
Total, Total, Total, Dambovita, Year 2015, Number of persons, 3263
Total, Total, Total, Dambovita, Year 2016, Number of persons, 3378
Total, Total, Total, Dambovita, Year 2017, Number of persons, 4361
Total, Total, Total, Dambovita, Year 2018, Number of persons, 4242
Total, Total, Total, Dambovita, Year 2019, Number of persons, 4976
Total, Total, Total, Dambovita, Year 2020, Number of persons, 3577
Total, Total, Total, Dambovita, Year 2021, Number of persons, 4784
Total, Total, Total, Dambovita, Year 2022, Number of persons, 7202
Total, Total, Total, Dambovita, Year 2023, Number of persons, 8457
Total, Total, Total, Dambovita, Year 2024, Number of persons, 7477
Total, Total, Total, Giurgiu, Year 2013, Number of persons, 2032
Total, Total, Total, Giurgiu, Year 2014, Number of persons, 1799
Total, Total, Total, Giurgiu, Year 2015, Number of persons, 1756
Total, Total, Total, Giurgiu, Year 2016, Number of persons, 1818
Total, Total, Total, Giurgiu, Year 2017, Number of persons, 2347
Total, Total, Total, Giurgiu, Year 2018, Number of persons, 2283
Total, Total, Total, Giurgiu, Year 2019, Number of persons, 2678
Total, Total, Total, Giurgiu, Year 2020, Number of persons, 1925
Total, Total, Total, Giurgiu, Year 2021, Number of persons, 2575
Total, Total, Total, Giurgiu, Year 2022, Number of persons, 3877
Total, Total, Total, Giurgiu, Year 2023, Number of persons, 4742
Total, Total, Total, Giurgiu, Year 2024, Number of persons, 4193
Total, Total, Total, Ialomita, Year 2013, Number of persons, 2215
Total, Total, Total, Ialomita, Year 2014, Number of persons, 1961
Total, Total, Total, Ialomita, Year 2015, Number of persons, 1914
Total, Total, Total, Ialomita, Year 2016, Number of persons, 1981
Total, Total, Total, Ialomita, Year 2017, Number of persons, 2557
Total, Total, Total, Ialomita, Year 2018, Number of persons, 2487
Total, Total, Total, Ialomita, Year 2019, Number of persons, 2917
Total, Total, Total, Ialomita, Year 2020, Number of persons, 2097
Total, Total, Total, Ialomita, Year 2021, Number of persons, 2805
Total, Total, Total, Ialomita, Year 2022, Number of persons, 4223
Total, Total, Total, Ialomita, Year 2023, Number of persons, 4687
Total, Total, Total, Ialomita, Year 2024, Number of persons, 4144
Total, Total, Total, Prahova, Year 2013, Number of persons, 5818
Total, Total, Total, Prahova, Year 2014, Number of persons, 5151
Total, Total, Total, Prahova, Year 2015, Number of persons, 5028
Total, Total, Total, Prahova, Year 2016, Number of persons, 5204
Total, Total, Total, Prahova, Year 2017, Number of persons, 6718
Total, Total, Total, Prahova, Year 2018, Number of persons, 6534
Total, Total, Total, Prahova, Year 2019, Number of persons, 7664
Total, Total, Total, Prahova, Year 2020, Number of persons, 5510
Total, Total, Total, Prahova, Year 2021, Number of persons, 7370
Total, Total, Total, Prahova, Year 2022, Number of persons, 11095
Total, Total, Total, Prahova, Year 2023, Number of persons, 12350
Total, Total, Total, Prahova, Year 2024, Number of persons, 10919
Total, Total, Total, Teleorman, Year 2013, Number of persons, 2794
Total, Total, Total, Teleorman, Year 2014, Number of persons, 2474
Total, Total, Total, Teleorman, Year 2015, Number of persons, 2415
Total, Total, Total, Teleorman, Year 2016, Number of persons, 2500
Total, Total, Total, Teleorman, Year 2017, Number of persons, 3227
Total, Total, Total, Teleorman, Year 2018, Number of persons, 3139
Total, Total, Total, Teleorman, Year 2019, Number of persons, 3682
Total, Total, Total, Teleorman, Year 2020, Number of persons, 2647
Total, Total, Total, Teleorman, Year 2021, Number of persons, 3541
Total, Total, Total, Teleorman, Year 2022, Number of persons, 5331
Total, Total, Total, Teleorman, Year 2023, Number of persons, 6354
Total, Total, Total, Teleorman, Year 2024, Number of persons, 5618
Total, Total, Total, Ilfov, Year 2013, Number of persons, 3144
Total, Total, Total, Ilfov, Year 2014, Number of persons, 2784
Total, Total, Total, Ilfov, Year 2015, Number of persons, 2718
Total, Total, Total, Ilfov, Year 2016, Number of persons, 2813
Total, Total, Total, Ilfov, Year 2017, Number of persons, 3631
Total, Total, Total, Ilfov, Year 2018, Number of persons, 3532
Total, Total, Total, Ilfov, Year 2019, Number of persons, 4143
Total, Total, Total, Ilfov, Year 2020, Number of persons, 2978
Total, Total, Total, Ilfov, Year 2021, Number of persons, 3983
Total, Total, Total, Ilfov, Year 2022, Number of persons, 5996
Total, Total, Total, Ilfov, Year 2023, Number of persons, 6453
Total, Total, Total, Ilfov, Year 2024, Number of persons, 5705
Total, Total, Total, Bucharest Municipality, Year 2013, Number of persons, 12794
Total, Total, Total, Bucharest Municipality, Year 2014, Number of persons, 11326
Total, Total, Total, Bucharest Municipality, Year 2015, Number of persons, 11057
Total, Total, Total, Bucharest Municipality, Year 2016, Number of persons, 11445
Total, Total, Total, Bucharest Municipality, Year 2017, Number of persons, 14775
Total, Total, Total, Bucharest Municipality, Year 2018, Number of persons, 14371
Total, Total, Total, Bucharest Municipality, Year 2019, Number of persons, 16856
Total, Total, Total, Bucharest Municipality, Year 2020, Number of persons, 12119
Total, Total, Total, Bucharest Municipality, Year 2021, Number of persons, 16213
Total, Total, Total, Bucharest Municipality, Year 2022, Number of persons, 24408
Total, Total, Total, Bucharest Municipality, Year 2023, Number of persons, 27187
Total, Total, Total, Bucharest Municipality, Year 2024, Number of persons, 24037
Total, Total, Total, Dolj, Year 2013, Number of persons, 5443
Total, Total, Total, Dolj, Year 2014, Number of persons, 4819
Total, Total, Total, Dolj, Year 2015, Number of persons, 4704
Total, Total, Total, Dolj, Year 2016, Number of persons, 4866
Total, Total, Total, Dolj, Year 2017, Number of persons, 6281
Total, Total, Total, Dolj, Year 2018, Number of persons, 6109
Total, Total, Total, Dolj, Year 2019, Number of persons, 7165
Total, Total, Total, Dolj, Year 2020, Number of persons, 5151
Total, Total, Total, Dolj, Year 2021, Number of persons, 6890
Total, Total, Total, Dolj, Year 2022, Number of persons, 10373
Total, Total, Total, Dolj, Year 2023, Number of persons, 10942
Total, Total, Total, Dolj, Year 2024, Number of persons, 9674
Total, Total, Total, Gorj, Year 2013, Number of persons, 2761
Total, Total, Total, Gorj, Year 2014, Number of persons, 2445
Total, Total, Total, Gorj, Year 2015, Number of persons, 2387
Total, Total, Total, Gorj, Year 2016, Number of persons, 2471
Total, Total, Total, Gorj, Year 2017, Number of persons, 3190
Total, Total, Total, Gorj, Year 2018, Number of persons, 3103
Total, Total, Total, Gorj, Year 2019, Number of persons, 3640
Total, Total, Total, Gorj, Year 2020, Number of persons, 2617
Total, Total, Total, Gorj, Year 2021, Number of persons, 3500
Total, Total, Total, Gorj, Year 2022, Number of persons, 5269
Total, Total, Total, Gorj, Year 2023, Number of persons, 5512
Total, Total, Total, Gorj, Year 2024, Number of persons, 4873
Total, Total, Total, Mehedinti, Year 2013, Number of persons, 2072
Total, Total, Total, Mehedinti, Year 2014, Number of persons, 1835
Total, Total, Total, Mehedinti, Year 2015, Number of persons, 1791
Total, Total, Total, Mehedinti, Year 2016, Number of persons, 1854
Total, Total, Total, Mehedinti, Year 2017, Number of persons, 2393
Total, Total, Total, Mehedinti, Year 2018, Number of persons, 2327
Total, Total, Total, Mehedinti, Year 2019, Number of persons, 2729
Total, Total, Total, Mehedinti, Year 2020, Number of persons, 1962
Total, Total, Total, Mehedinti, Year 2021, Number of persons, 2624
Total, Total, Total, Mehedinti, Year 2022, Number of persons, 3950
Total, Total, Total, Mehedinti, Year 2023, Number of persons, 4350
Total, Total, Total, Mehedinti, Year 2024, Number of persons, 3846
Total, Total, Total, Olt, Year 2013, Number of persons, 3397
Total, Total, Total, Olt, Year 2014, Number of persons, 3008
Total, Total, Total, Olt, Year 2015, Number of persons, 2936
Total, Total, Total, Olt, Year 2016, Number of persons, 3039
Total, Total, Total, Olt, Year 2017, Number of persons, 3923
Total, Total, Total, Olt, Year 2018, Number of persons, 3816
Total, Total, Total, Olt, Year 2019, Number of persons, 4476
Total, Total, Total, Olt, Year 2020, Number of persons, 3218
Total, Total, Total, Olt, Year 2021, Number of persons, 4304
Total, Total, Total, Olt, Year 2022, Number of persons, 6479
Total, Total, Total, Olt, Year 2023, Number of persons, 7213
Total, Total, Total, Olt, Year 2024, Number of persons, 6377
Total, Total, Total, Valcea, Year 2013, Number of persons, 2715
Total, Total, Total, Valcea, Year 2014, Number of persons, 2404
Total, Total, Total, Valcea, Year 2015, Number of persons, 2347
Total, Total, Total, Valcea, Year 2016, Number of persons, 2429
Total, Total, Total, Valcea, Year 2017, Number of persons, 3135
Total, Total, Total, Valcea, Year 2018, Number of persons, 3049
Total, Total, Total, Valcea, Year 2019, Number of persons, 3576
Total, Total, Total, Valcea, Year 2020, Number of persons, 2571
Total, Total, Total, Valcea, Year 2021, Number of persons, 3439
Total, Total, Total, Valcea, Year 2022, Number of persons, 5177
Total, Total, Total, Valcea, Year 2023, Number of persons, 5933
Total, Total, Total, Valcea, Year 2024, Number of persons, 5245
Total, Total, Total, Arad, Year 2013, Number of persons, 3292
Total, Total, Total, Arad, Year 2014, Number of persons, 2915
Total, Total, Total, Arad, Year 2015, Number of persons, 2846
Total, Total, Total, Arad, Year 2016, Number of persons, 2946
Total, Total, Total, Arad, Year 2017, Number of persons, 3803
Total, Total, Total, Arad, Year 2018, Number of persons, 3699
Total, Total, Total, Arad, Year 2019, Number of persons, 4339
Total, Total, Total, Arad, Year 2020, Number of persons, 3119
Total, Total, Total, Arad, Year 2021, Number of persons, 4172
Total, Total, Total, Arad, Year 2022, Number of persons, 6281
Total, Total, Total, Arad, Year 2023, Number of persons, 7019
Total, Total, Total, Arad, Year 2024, Number of persons, 6206
Total, Total, Total, Caras-Severin, Year 2013, Number of persons, 2431
Total, Total, Total, Caras-Severin, Year 2014, Number of persons, 2152
Total, Total, Total, Caras-Severin, Year 2015, Number of persons, 2101
Total, Total, Total, Caras-Severin, Year 2016, Number of persons, 2175
Total, Total, Total, Caras-Severin, Year 2017, Number of persons, 2808
Total, Total, Total, Caras-Severin, Year 2018, Number of persons, 2731
Total, Total, Total, Caras-Severin, Year 2019, Number of persons, 3203
Total, Total, Total, Caras-Severin, Year 2020, Number of persons, 2303
Total, Total, Total, Caras-Severin, Year 2021, Number of persons, 3080
Total, Total, Total, Caras-Severin, Year 2022, Number of persons, 4637
Total, Total, Total, Caras-Severin, Year 2023, Number of persons, 4968
Total, Total, Total, Caras-Severin, Year 2024, Number of persons, 4392
Total, Total, Total, Hunedoara, Year 2013, Number of persons, 3049
Total, Total, Total, Hunedoara, Year 2014, Number of persons, 2700
Total, Total, Total, Hunedoara, Year 2015, Number of persons, 2636
Total, Total, Total, Hunedoara, Year 2016, Number of persons, 2729
Total, Total, Total, Hunedoara, Year 2017, Number of persons, 3523
Total, Total, Total, Hunedoara, Year 2018, Number of persons, 3427
Total, Total, Total, Hunedoara, Year 2019, Number of persons, 4020
Total, Total, Total, Hunedoara, Year 2020, Number of persons, 2890
Total, Total, Total, Hunedoara, Year 2021, Number of persons, 3866
Total, Total, Total, Hunedoara, Year 2022, Number of persons, 5820
Total, Total, Total, Hunedoara, Year 2023, Number of persons, 6452
Total, Total, Total, Hunedoara, Year 2024, Number of persons, 5704
Total, Total, Total, Timis, Year 2013, Number of persons, 5507
Total, Total, Total, Timis, Year 2014, Number of persons, 4876
Total, Total, Total, Timis, Year 2015, Number of persons, 4760
Total, Total, Total, Timis, Year 2016, Number of persons, 4927
Total, Total, Total, Timis, Year 2017, Number of persons, 6360
Total, Total, Total, Timis, Year 2018, Number of persons, 6186
Total, Total, Total, Timis, Year 2019, Number of persons, 7256
Total, Total, Total, Timis, Year 2020, Number of persons, 5215
Total, Total, Total, Timis, Year 2021, Number of persons, 6975
Total, Total, Total, Timis, Year 2022, Number of persons, 10501
Total, Total, Total, Timis, Year 2023, Number of persons, 11117
Total, Total, Total, Timis, Year 2024, Number of persons, 9829
